Price,Close,High,Low,Open,Volume
Ticker,PKG,PKG,PKG,PKG,PKG
Date,,,,,
2015-01-02,57.03395462036133,57.565753607596534,56.37830708446952,57.35449465079369,469300
2015-01-05,56.50946807861328,56.89557029877842,56.021376802479494,56.66973818313165,592000
2015-01-06,55.99222183227539,56.793566590134496,55.57697919496752,56.50216698055338,830000
2015-01-07,55.93393325805664,56.56772690660209,55.32928012233927,56.21804631064972,518700
2015-01-08,57.34721755981445,57.51476856109088,56.5021593617758,56.575013422836356,1067700
2015-01-09,57.23067855834961,57.638640344255485,56.99755991982629,57.135976022007455,519700
2015-01-12,57.4492073059082,57.63133134490538,56.90283518891667,57.25979674911545,616900
2015-01-13,57.41280746459961,58.724103389579554,57.04855921410376,57.835336769091725,776900
2015-01-14,57.40550994873047,57.76247157505176,56.647873139201664,56.83727817309465,751400
2015-01-15,57.57307434082031,58.31614384244521,57.18697210632305,57.6969174050955,1157300
2015-01-16,58.54926681518555,58.62940187634281,57.20883033963547,57.259824873282156,831200
2015-01-20,59.175777435302734,59.481744653591925,58.43999436066554,59.088355848082564,693500
2015-01-21,59.64925765991211,59.80952768848332,58.782351094979575,58.90619409597222,765100
2015-01-22,60.12278747558594,60.13736051132521,59.05918374398962,59.518134326053044,715200
2015-01-23,58.32341003417969,60.19564523977345,58.257848037222,60.09365620584892,912500
2015-01-26,59.41615676879883,60.188366630379626,58.73137402254847,59.67113492155785,1385700
2015-01-27,55.606117248535156,56.13063541094947,53.20207752346453,53.916006257414026,5057700
2015-01-28,55.79554748535156,57.624075362054135,55.76641251469986,56.02867171446547,2019500
2015-01-29,55.67898178100586,55.729976308249505,54.549810103199626,55.51871167881539,1096800
2015-01-30,55.2564582824707,55.802830656176056,54.87035602766354,55.32202585746869,843900
2015-02-02,54.884883880615234,55.7299418762438,54.11996644455474,55.33655338427704,1105400
2015-02-03,55.27101135253906,55.60611895369426,54.92861723279771,55.001465744703594,1103300
2015-02-04,55.67898178100586,56.05779747510338,54.9796258825274,55.08161493701468,930100
2015-02-05,56.502159118652344,56.59686717442973,55.8610845131634,56.07963557943562,992200
2015-02-06,56.655128479003906,56.79354449024023,56.34916150909708,56.480291004483306,774600
2015-02-09,56.451175689697266,56.74257531592044,56.210776139199815,56.5021702074374,508100
2015-02-10,57.50021743774414,57.60949300243034,56.46575394908506,56.8154290864976,592800
2015-02-11,57.70418167114258,57.966440740219134,57.288939071435486,57.43463608404035,644000
2015-02-12,59.030067443847656,59.416169679542676,57.77705263956326,58.410846562563925,1644900
2015-02-13,60.385047912597656,60.4141884267544,59.21945513625182,59.28501712461591,945300
2015-02-17,59.89697265625,60.45791241774857,59.80955109064573,60.173799277017494,692500
2015-02-18,60.92414093017578,60.97513544664835,59.45986743232694,59.90425060072448,654400
2015-02-19,60.50161361694336,61.11354777717492,60.23935453170552,60.91685624223909,839400
2015-02-20,60.953285217285156,60.97513921741267,59.57642762939419,60.47248054052259,984000
2015-02-23,61.368553161621094,61.834790549596356,59.824143898198585,60.32680278205399,1708700
2015-02-24,60.385047912597656,61.03340906812706,59.95523783425144,61.03340906812706,852700
2015-02-25,59.80954360961914,60.29035382332312,59.496289986201994,60.20293226865361,585900
2015-02-26,60.2539176940918,60.574457788193534,59.82410762062329,59.99165862764214,932400
2015-02-27,60.36320877075195,61.41224530660419,60.26850624492657,61.29568322129344,792300
2015-03-02,60.5089111328125,60.647327231777076,59.50358806966543,60.363214071366244,876400
2015-03-03,59.37972640991211,60.37776263993878,59.095613338504606,60.31948716840805,647000
2015-03-04,58.49095916748047,59.27773637859901,57.842598009610036,59.27773637859901,558400
2015-03-05,57.60948181152344,58.58566406832383,57.04125565511903,58.367118539390994,996900
2015-03-06,56.698875427246094,57.274388242909716,56.10878957129477,57.25252868247817,1129800
2015-03-09,56.990264892578125,57.49292353278854,56.61144372472508,57.10682140408149,622300
2015-03-10,56.698875427246094,57.17239919284137,56.130649131726315,56.69158890710224,784700
2015-03-11,56.9042854309082,57.23444517481111,56.625488720592145,56.764889874520534,801500
2015-03-12,58.3863525390625,58.48172908206994,56.918990106399725,57.234473253323955,791000
2015-03-13,57.57194900512695,58.35698745176417,57.13174152433313,58.18823835872993,771500
2015-03-16,57.42518997192383,58.217566527159505,56.918954059584294,57.93143148180327,978100
2015-03-17,57.21242904663086,57.821379833081096,56.640153342705716,57.32981505939546,737300
2015-03-18,58.445037841796875,58.650467649722515,56.93365100233655,57.212453396700596,767100
2015-03-19,57.990142822265625,58.518394000620276,57.5132490863876,58.25426841144295,485100
2015-03-20,59.3254280090332,59.43548124496695,57.75535159582933,58.18822056695129,1406100
2015-03-23,57.91677474975586,59.61157591691905,57.88742684067642,59.53087056633591,826900
2015-03-24,57.777381896972656,58.20291824356047,57.432550912583984,57.65999024375859,569500
2015-03-25,56.25867462158203,57.93146686143038,56.13395016103305,57.82141356195755,762000
2015-03-26,56.74287796020508,56.86760796698682,55.767086620070124,56.192617286746724,511200
2015-03-27,57.07303237915039,57.13906096696355,56.31734202062821,56.48608547673329,665100
2015-03-30,57.85074234008789,58.041500956219984,57.20510511304119,57.3004816223365,758300
2015-03-31,57.366512298583984,57.78471019450842,57.22711113409546,57.38852183033667,784700
2015-04-01,56.33936309814453,57.19776850091157,55.840459808088696,57.131739899564096,854400
2015-04-02,55.93583679199219,56.735551977263206,55.63503049852559,56.39805939548867,897500
2015-04-06,56.66952896118164,56.78692062890015,55.59101680357472,55.68639893298171,608400
2015-04-07,56.14860153198242,56.72821014721013,56.11192084344884,56.58147619799307,544800
2015-04-08,57.47655487060547,57.476554870605476,55.7817539051469,56.148594328668885,740600
2015-04-09,57.43255615234375,57.90944999133577,57.25647425400024,57.32250286680057,759600
2015-04-10,57.777381896972656,57.872758417052495,57.16109251022516,57.30048810148922,586600
2015-04-13,57.59394454956055,57.946113807176296,57.483891306709346,57.92409868057369,378700
2015-04-14,56.42007064819336,57.63797821104268,55.9945343200416,57.58662076437208,774600
2015-04-15,56.21462631225586,56.92629200406019,56.18527840781954,56.5374420659746,801100
2015-04-16,56.610836029052734,56.735560471907164,55.847807017846314,55.92117400790524,937100
2015-04-17,56.31736373901367,56.442088184675725,55.95052318291869,56.31736373901367,712600
2015-04-20,56.508094787597656,56.71353012092798,56.05321625764601,56.53744269235913,1058800
2015-04-21,50.63867950439453,53.17722166012173,50.20581023583001,53.17722166012173,6231400
2015-04-22,51.85655212402344,53.33858467579544,50.85140754944165,51.5410691989751,5079700
2015-04-23,51.38701629638672,52.08401098546041,51.29897256403927,51.52641747321811,1637800
2015-04-24,51.35765838623047,51.59977440488957,51.203586082776646,51.40167744506284,1705200
2015-04-27,50.87343978881836,51.768531538481604,50.79274002548635,51.497073140579886,1047100
2015-04-28,50.125099182128906,50.92481459801204,50.01504588301098,50.917476218725966,2416700
2015-04-29,50.279144287109375,50.4185454302078,49.44274862359936,49.934313415786065,1835900
2015-04-30,50.763389587402344,51.0935437945236,49.971012773261236,50.08106604148223,1407400
2015-05-01,51.26229476928711,51.58511061104554,50.85142959266609,50.85142959266609,712600
2015-05-04,51.482391357421875,51.67314997336133,51.07887019000323,51.181585076076445,775100
2015-05-05,49.90498352050781,51.50440846425469,49.508800671704485,51.50440846425469,3207000
2015-05-06,50.63867950439453,50.77074235875292,49.31071817823916,49.94168452711324,1717600
2015-05-07,50.77071762084961,51.08620064156835,50.491920885288884,50.64599320737833,904600
2015-05-08,51.298973083496094,51.68782310960367,50.77072187914554,51.18158703671913,831600
2015-05-11,51.08619689941406,51.29163224469271,50.83674809074407,50.99815877754974,498000
2015-05-12,50.55061721801758,50.92479605978835,50.425892803274415,50.880771397641546,601300
2015-05-13,51.08619689941406,51.372331990554734,50.75604274734123,51.02750668401812,1151800
2015-05-14,51.86391830444336,51.95929483150827,51.37234771753605,51.62914057836297,774600
2015-05-15,51.75384521484375,51.92992704263243,51.027502777367594,51.73183568606271,791600
2015-05-18,51.87858581542969,51.966629555597265,51.174252686715434,51.33566341158493,951800
2015-05-19,51.636478424072266,51.98864784650827,51.49708280892606,51.92995200984509,623500
2015-05-20,52.03266143798828,52.09135726846153,51.61446344156571,51.84924116591623,853300
2015-05-21,52.069332122802734,52.333457683214014,51.77585865595234,52.07667049879772,714300
2015-05-22,51.81253433227539,52.172036316867555,51.57041835186979,51.79051920879698,744900
2015-05-26,51.41636657714844,52.03265593936286,51.19626003490506,51.74652079297161,1436400
2015-05-27,51.81253433227539,51.84188223270694,51.20357799278482,51.453026750143565,1121500
2015-05-28,51.724510192871094,52.047331622167626,51.3723408520438,51.65848159008323,746700
2015-05-29,50.75605010986328,51.7905373746144,50.323175423589205,51.67315132925403,4000200
2015-06-01,50.0663948059082,51.00550568283545,49.4427670139683,50.924805914622276,1431700
2015-06-02,50.04438018798828,50.11774716825956,49.65553015476287,49.956336453137666,1118200
2015-06-03,50.25715637207031,50.484595726482084,49.75091461156135,49.897654193071105,668600
2015-06-04,50.015018463134766,50.0737142701578,49.56747273027959,49.69953549731129,1126800
2015-06-05,50.279144287109375,50.308492190790105,49.55280186301705,49.83893692697888,913800
2015-06-08,49.743568420410156,50.403876767793946,49.72889166744451,50.19844700660422,530100
2015-06-09,49.244659423828125,49.69953795691772,49.207973143238085,49.62617099327816,556400
2015-06-10,49.69222640991211,49.919665773630726,49.34739537618201,49.479458206173476,587900
2015-06-11,50.343135833740234,50.38752092686373,49.92151413096215,49.92151413096215,716800
2015-06-12,50.04726791381836,50.34313845206452,49.86234600573012,50.19520318294144,496800
2015-06-15,49.41114044189453,49.93631802982537,49.31497742947965,49.61825209422001,647600
2015-06-16,49.662635803222656,49.8549562011532,49.30758883836447,49.41114467339558,710600
2015-06-17,50.3061408996582,50.3061408996582,49.699597466489735,49.81054606013214,808500
2015-06-18,50.67599868774414,50.68339150046505,50.276566709443664,50.417109158299894,744200
2015-06-19,51.186378479003906,51.31952246965979,50.66859942832459,50.772155238460456,1419500
2015-06-22,49.499881744384766,51.06062268208327,49.18921437641554,50.66858924487917,2964500
2015-06-23,49.41114044189453,49.92891957270824,49.21142160331691,49.47031116872376,1231300
2015-06-24,48.738014221191406,49.57385915543259,48.72322295266546,49.26319172607233,899400
2015-06-25,48.20543670654297,49.011699077743764,48.153658803318564,48.92293453934413,1120400
2015-06-26,47.199466705322266,48.48652436905042,47.08851243680484,48.375570100533004,1926100
2015-06-29,46.282249450683594,47.39917922343321,46.26745536118606,46.83701510926301,1808300
2015-06-30,46.22307205200195,47.04412278787831,46.215673597029365,46.82221710732568,1989100
2015-07-01,47.24385070800781,47.495344628755994,46.55594094895202,46.81483332654592,1367900
2015-07-02,47.214271545410156,47.64329180489146,47.103317251631225,47.27344509952333,782500
2015-07-06,46.925785064697266,47.45096545818694,46.68908523454046,46.955373248888,717700
2015-07-07,47.443565368652344,47.495343278362064,46.481971989020444,46.881403996796365,788700
2015-07-08,46.341434478759766,47.303027902533174,46.30444783725401,47.05892961268118,921300
2015-07-09,46.1786994934082,47.12549876766961,46.008571675169634,46.74086085707981,937200
2015-07-10,46.58551788330078,46.91837781886423,46.10472270676144,46.622501693544756,1444500
2015-07-13,47.258628845214844,47.325200825928505,46.61510157943845,47.05151727040947,835900
2015-07-14,47.68026351928711,47.79861624782855,47.25864179975348,47.376994528294915,852700
2015-07-15,47.30302047729492,47.96133913881736,47.01454277761421,47.70984807483654,877700
2015-07-16,48.84896469116211,48.996899938399906,47.63587760503477,47.68025705053252,2042300
2015-07-17,48.43474197387695,48.789788828184356,48.26461135880232,48.67144175787122,1084200
2015-07-20,48.90815353393555,49.263200475298945,48.3016098360178,48.3016098360178,1393700
2015-07-21,48.43474197387695,48.88594617552428,48.27200981424939,48.70842274837058,974400
2015-07-22,52.43643569946289,53.51637855139363,51.07541368662962,53.27228037190724,4127600
2015-07-23,51.54143142700195,52.806296526981534,51.46006534074288,52.806296526981534,1526000
2015-07-24,51.378692626953125,51.73374510695395,51.230757385583956,51.63758212103304,1385600
2015-07-27,51.15679931640625,51.46006831084685,50.75736731809011,51.29733612893634,875100
2015-07-28,51.6597900390625,51.87430016496224,51.05324630641725,51.40090045379374,810100
2015-07-29,52.37727355957031,52.510417544177805,51.26034942336272,51.541428660481586,1065900
2015-07-30,52.31809616088867,52.48082266051543,52.022220050296305,52.39206377769491,1101900
2015-07-31,52.36248779296875,52.66575678548952,52.088801339363734,52.41426570112443,771800
2015-08-03,51.80772018432617,52.49562987810236,51.437876384303884,52.35508742821597,540400
2015-08-04,52.014827728271484,52.42165813372315,51.60799732281982,51.60799732281982,408400
2015-08-05,52.303314208984375,52.52522276623097,51.77073818628779,52.07401283830019,589100
2015-08-06,52.229339599609375,52.28851595942565,51.423077216375354,52.14057505988496,752600
2015-08-07,52.70273971557617,52.71753098399321,51.948260872203676,52.24413138749119,820300
2015-08-10,53.582969665527344,53.693918286930796,52.35508558389141,52.8284851797739,1003000
2015-08-11,53.59775161743164,53.7308955833407,52.872861081212484,53.38324158105775,913000
2015-08-12,53.12437438964844,53.23532868167949,52.214555967037484,53.01342009761739,732100
2015-08-13,53.3388671875,53.7161094005008,52.81368972876486,53.146546853351055,736700
2015-08-14,54.145137786865234,54.256092071367405,53.043004685780815,53.102181056631224,700300
2015-08-17,54.27088165283203,54.44100664182845,53.62735140436694,53.76049539910563,496200
2015-08-18,53.93062210083008,54.189511615239766,53.70871357798283,54.041570718885545,369100
2015-08-19,53.57556915283203,53.91582474659935,53.03559476146923,53.753092583630604,456500
2015-08-20,52.62877655029297,53.19833354823172,52.480835636733744,53.072588004233,859600
2015-08-21,51.71895217895508,52.443848461560755,51.519239023392785,52.19975021547605,1129600
2015-08-24,49.11524200439453,51.16417351567684,47.85777010197802,51.16417351567684,1257700
2015-08-25,47.199466705322266,50.52805807894942,47.16248006802695,50.52805807894942,1756800
2015-08-26,47.702449798583984,48.53830036425444,46.02336149813819,47.63588062611552,1956400
2015-08-27,49.041290283203125,49.46291199072235,48.14626331837688,48.38296876871467,1293500
2015-08-28,49.91413879394531,50.084263839815215,48.84898647995115,49.019111525821046,1035100
2015-08-31,49.64043045043945,50.542850137445434,49.3149661322752,49.854940510741535,1120000
2015-09-01,48.094486236572266,49.218814571479975,47.961342240158686,49.02649421146732,1035600
2015-09-02,48.479122161865234,49.307574240209824,47.7912125223262,48.68623377060936,747300
2015-09-03,48.44953918457031,49.23360625709912,48.28680700498086,48.523506818010425,628900
2015-09-04,47.761619567871094,48.153653022847905,47.495331628006184,47.90216199262411,347800
2015-09-08,48.9525260925293,48.95992454874787,48.01312531403956,48.66404837705938,549800
2015-09-09,48.3903694152832,49.47771126948259,48.25722539959819,49.322377525078316,579900
2015-09-10,48.68623352050781,49.01169784307272,48.26461184962512,48.44953373410644,939400
2015-09-11,48.880165100097656,49.17107361390913,48.48482818086264,48.48482818086264,867400
2015-09-14,49.10395431518555,49.24567535892923,48.626565587904395,48.820500845853125,803900
2015-09-15,49.402320861816406,49.7156061290961,48.5668877914817,48.5668877914817,1022400
2015-09-16,49.35756301879883,49.745444904219234,49.17854367448606,49.409777231345146,698400
2015-09-17,48.85779571533203,49.69322877476891,48.73099058845706,49.33518440903249,807700
2015-09-18,47.91793441772461,48.678776563722685,47.81350599626168,48.26105718694882,1122300
2015-09-21,47.85826110839844,48.9249219399821,47.73145314615206,48.1566247500299,629000
2015-09-22,46.85127639770508,47.71654422582379,46.62749792945564,47.21677591765118,730400
2015-09-23,46.59766387939453,47.06759183979264,46.366427453710294,46.985542958544805,484200
2015-09-24,45.50115203857422,46.254530517046135,44.799987769230995,46.17993960270828,795500
2015-09-25,45.724918365478516,46.20230694965224,45.50860077406841,45.94123595688861,616900
2015-09-28,44.262916564941406,45.568277262438286,44.15102736697175,45.49368636076553,681800
2015-09-29,44.374820709228516,44.60605428957442,43.47971536036364,44.19579850127096,793600
2015-09-30,44.87458038330078,45.30721567013821,44.31513996819374,44.88203833683266,865300
2015-10-01,45.680179595947266,46.77668096223537,44.41211398464884,45.06852207541164,925500
2015-10-02,46.64240264892578,46.716996397717345,44.91186751340929,45.240074317171064,1088500
2015-10-05,47.46293640136719,47.72400751623331,46.66480145539164,47.07505728395057,628300
2015-10-06,46.86619186401367,47.45546696540667,46.62003670439309,47.276447617920084,537500
2015-10-07,47.75383758544922,48.0522069841115,47.12726697008907,47.35104259635504,657500
2015-10-08,48.507205963134766,48.7309843745503,47.4778377906504,47.7239900595625,622400
2015-10-09,52.00559997558594,52.24429440802947,48.62657960436928,49.178559412346665,2463800
2015-10-12,51.11046600341797,51.72958133393788,49.663384220815956,51.72958133393788,1109900
2015-10-13,50.774810791015625,51.692295556706995,50.6405448665467,50.83448579987339,695300
2015-10-14,51.27457046508789,51.69228978956657,50.65546081275738,50.797181829330626,696900
2015-10-15,51.393924713134766,51.662456554286344,51.02096445497112,51.23728208761666,727400
2015-10-16,51.72213363647461,51.79673025204541,51.147777256669684,51.54311427913477,811000
2015-10-19,51.50581741333008,51.68483675590183,50.66292353066528,51.55057082624244,1012600
2015-10-20,50.88669967651367,51.9235287622058,50.752433752924375,51.4908934872045,952900
2015-10-21,47.96270751953125,49.67832186639643,47.09743669951974,48.38788212841999,2951000
2015-10-22,48.35801696777344,48.52212035298415,47.65685002766243,48.178991988859636,988000
2015-10-23,49.70068359375,50.103481368765415,48.29835502552464,48.67131529599201,1855900
2015-10-26,50.31980514526367,50.64055124461886,49.51420949698699,49.58880611291552,1018000
2015-10-27,49.96921157836914,50.37200932222595,48.9473041585288,49.93191896876045,1288900
2015-10-28,50.44659423828125,50.77480103300136,49.57386874241657,50.19298403575824,1001200
2015-10-29,50.752437591552734,51.073183672668705,50.07364712347749,50.40185400394662,777600
2015-10-30,51.058265686035156,51.62516696760791,50.55850022154531,50.77481789071022,813100
2015-11-02,51.58041000366211,51.87131857886606,51.01350876106769,51.17761220162838,897400
2015-11-03,50.207916259765625,51.401393831808264,50.051273608892664,51.401393831808264,923200
2015-11-04,50.22282409667969,50.93144623133621,49.976668988081464,50.42422010949197,931700
2015-11-05,50.125858306884766,50.54357768157225,49.7678196324922,50.230286727826105,740500
2015-11-06,49.99159622192383,50.30488719973895,49.417239862620804,50.118407049313966,807600
2015-11-09,49.588802337646484,50.20791208989088,48.94731018777385,50.09602855636153,497600
2015-11-10,49.417232513427734,49.954296177328686,48.641474520117654,49.39485580925214,797900
2015-11-11,49.90209197998047,50.349643226027254,49.41724242554527,49.50675495112377,613200
2015-11-12,48.186466217041016,49.603716395085016,48.15662871223858,49.514203880677705,482900
2015-11-13,48.432621002197266,48.90254889475551,47.992524923296784,48.10441414274078,637700
2015-11-16,48.11934280395508,48.54451734751616,47.56736027004585,48.33566047572096,810300
2015-11-17,47.268978118896484,49.074107087502654,47.16454971117213,48.343102542510756,1160500
2015-11-18,48.95475387573242,48.999512969624966,47.365945470112194,47.44799716950733,789700
2015-11-19,49.58134460449219,49.76036396013187,48.76828816805878,49.14124847867969,825500
2015-11-20,50.185546875,50.20046847683567,49.64848302738928,49.77529387929779,684200
2015-11-23,50.17808151245117,50.67039189164686,49.96176952381165,50.163165602895155,590600
2015-11-24,51.00604248046875,51.3044118229772,49.7454406870264,50.09602423765469,1171800
2015-11-25,50.282508850097656,51.53564995674252,50.07364630806781,50.6554691387674,498700
2015-11-27,50.722599029541016,50.87924166716274,50.10348358732967,50.52865808685216,211900
2015-11-30,50.715145111083984,51.08810544866703,50.52120983300544,50.700229201586836,792700
2015-12-01,51.35662078857422,51.565477599733306,50.730050355096935,50.81210205818391,578900
2015-12-02,50.31980514526367,51.32679686014812,50.245214220257935,51.18507580991406,653400
2015-12-03,49.805110931396484,50.64800476651757,49.402318856060255,50.53611554962552,775100
2015-12-04,50.028892517089844,50.319801084783755,49.57388051307171,49.827496466733415,494200
2015-12-07,49.92445373535156,49.9990446388642,49.23074751993383,49.75288953544346,373800
2015-12-08,48.96968460083008,49.417235786752094,48.798120372583554,49.230755651707746,509600
2015-12-09,49.07410430908203,49.75288892085971,48.484826504045415,48.52957990741594,601200
2015-12-10,48.67132568359375,49.499298116013804,48.484845508560824,49.02937012366323,707400
2015-12-11,48.551963806152344,48.992059871243676,48.08203592833928,48.45499618750194,649700
2015-12-14,47.58228302001953,48.6489498684758,47.224241418822295,48.61911235701061,727400
2015-12-15,47.90301513671875,48.253598680189,47.43308442777407,48.037281053560086,598400
2015-12-16,48.52959442138672,48.73845128747441,47.94777723987879,48.305821646688244,694700
2015-12-17,46.217247009277344,48.701164366302756,46.12773731983712,48.20885396072722,1225100
2015-12-18,44.65079116821289,46.13517102344793,44.56873947708187,45.87410004754033,2451900
2015-12-21,45.441463470458984,45.613027644069035,44.58365682970943,45.08342206665133,1093600
2015-12-22,46.76921463012695,46.828886788842716,45.314669126122226,45.3743441302988,1307400
2015-12-23,48.040985107421875,48.078610618030694,46.70149740937926,46.934777297539405,928700
2015-12-24,48.38714599609375,48.61289905380928,47.747500849996925,47.97325677835483,355900
2015-12-28,48.4398307800293,48.46993234126146,47.762560005520015,48.364574006306015,499300
2015-12-29,48.116233825683594,48.913907817367274,48.01088125276434,48.85370470676067,759600
2015-12-30,48.161399841308594,48.53013395128346,47.78513890504837,47.995844110748294,651800
2015-12-31,47.44649124145508,48.34951782952012,47.30351315601305,47.875428368423556,736100
2016-01-04,46.91972351074219,47.070228414169755,46.242455751281526,46.663866036108,778000
2016-01-05,46.874568939208984,47.160525066841835,46.5058321095408,46.91971839586578,744900
2016-01-06,45.851158142089844,46.50585137054055,45.452322466348164,46.13711725879831,844800
2016-01-07,44.767513275146484,45.55766041681342,44.44392874283605,44.97069159018586,1070900
2016-01-08,43.82686233520508,45.88124610348375,43.811811557667525,45.38458192731355,1515800
2016-01-11,44.77503967285156,45.21150362236081,43.969841710066795,44.06014350730781,1505500
2016-01-12,44.77503967285156,45.805993564060046,43.95479093208623,45.32438015125148,934200
2016-01-13,43.38288116455078,45.24913480863234,43.35277960481332,44.86534709858655,991800
2016-01-14,43.766658782958984,44.075192542756604,42.773330440652394,43.63120465713151,687200
2016-01-15,43.99240493774414,44.458970321208106,42.44973648117231,42.5024127550083,1443600
2016-01-19,43.14960479736328,44.58692147611354,42.57016260416699,44.496619654119215,813900
2016-01-20,42.87868118286133,43.36029455608748,40.63616711962571,42.44974409291665,1109200
2016-01-21,42.10358428955078,43.46564655466181,42.01328250091144,42.818480386997365,1298500
2016-01-22,43.390403747558594,43.75914066607959,42.55510415042632,42.953942627733234,1673900
2016-01-25,37.7690544128418,40.500708360075784,37.55082535166408,40.16207309874235,3765800
2016-01-26,37.40032958984375,39.31925937768857,36.67038261197771,37.52825690273357,3958400
2016-01-27,37.47557830810547,38.48395745309569,37.07674274463102,37.22724765161986,2586700
2016-01-28,36.78326416015625,38.03245015767884,36.519879823721304,37.91957074625776,1311500
2016-01-29,38.25068664550781,38.25068664550781,36.33928047593767,36.88109425068915,1702500
2016-02-01,38.38611602783203,38.54414770630623,36.82087298096348,37.73895002375839,1594800
2016-02-02,37.558353424072266,37.85936321619927,37.03911454682743,37.83678561587236,1332400
2016-02-03,37.18962097167969,38.29582878736934,36.26401962675991,37.957193448827354,1280300
2016-02-04,37.95719909667969,38.03997695515607,36.82089242565337,37.091800736796834,1715100
2016-02-05,38.107688903808594,38.506524386515416,37.62607559548902,37.95718402729829,1272100
2016-02-08,37.422908782958984,37.67124235495672,36.79831718146902,37.633613968428925,1603100
2016-02-09,37.50569152832031,37.686298047006034,36.58761389373407,36.95635088700595,1727800
2016-02-10,36.73810577392578,37.78411038109112,36.39194651282572,37.249820712352914,1356300
2016-02-11,34.66867446899414,36.437099314698884,34.495594822572855,36.09094002185631,2258300
2016-02-12,35.06751251220703,35.69210694458301,34.88690889919801,35.263169775383254,2192000
2016-02-16,35.66199493408203,35.94795391995683,35.15780688566456,35.47386455112474,1681100
2016-02-17,36.09092712402344,36.51234015860672,35.89527281514207,35.99310140490348,881700
2016-02-18,35.48891830444336,36.429570298168684,35.20295929457108,36.301643004930234,1650900
2016-02-19,33.97635269165039,35.398618110908295,33.351758361781634,35.398618110908295,2735100
2016-02-22,34.40529251098633,34.646099221614065,34.03655562060124,34.51064508805566,1609000
2016-02-23,34.48054504394531,34.540748159564075,33.803274346446976,34.26231305579112,1737100
2016-02-24,35.586753845214844,35.669531696084356,33.89357992680532,34.14943743374624,2227900
2016-02-25,35.714683532714844,35.970541056629635,35.180393749747815,35.609330941216314,1251500
2016-02-26,36.369384765625,36.72306810620558,35.90281912126583,36.038273292770974,1916100
2016-02-29,36.49729919433594,36.88861078790691,35.97806030108483,36.43709608579784,1466000
2016-03-01,37.98728561401367,37.98728561401367,36.670372966878986,36.88860489450104,1754800
2016-03-02,38.167903900146484,38.79249545699194,37.648662057862964,37.791643026905746,1409000
2016-03-03,39.46223831176758,39.522441427807514,38.00987114969371,38.152852114967274,1340400
2016-03-04,39.650360107421875,40.11692554318385,39.24400064522931,39.25152459777427,1428300
2016-03-07,40.207244873046875,40.27497195807484,39.33431959415486,39.492348502339055,1264600
2016-03-08,39.597686767578125,39.91374734012904,38.94299376316558,39.846020279628284,1420200
2016-03-09,41.396217346191406,41.47147123838105,39.514913101087146,39.68046879326191,2789300
2016-03-10,40.90708923339844,41.667135057545714,40.17714210230418,41.667135057545714,1267800
2016-03-11,42.13100814819336,42.52631930385814,40.95267843610607,41.24916107785895,1421400
2016-03-14,41.895355224609375,42.54153536649437,41.880150610684794,41.92576445245854,1604300
2016-03-15,41.271968841552734,42.085396605791836,40.82344300800178,41.804118577966484,1702700
2016-03-16,42.49592590332031,42.69358009124994,41.23397190350709,41.271981989649284,1277500
2016-03-17,43.5526237487793,43.77308631744616,42.480723035586394,42.57194782607537,957800
2016-03-18,43.48420715332031,43.96314240834369,42.91404710209666,43.54502271745916,5306100
2016-03-21,44.2900276184082,44.47248009478992,43.33976094971611,43.33976094971611,1147500
2016-03-22,44.8373908996582,44.860196376163564,43.87191942781262,43.955543374978,1151600
2016-03-23,44.38884735107422,45.2022752259796,44.34323641602209,44.715739252202525,1308800
2016-03-24,44.63211441040039,44.72334207857503,43.5374084921526,43.98593437740374,958000
2016-03-28,44.80696105957031,45.0730373963746,44.23680120925349,44.784155593552185,782700
2016-03-29,45.757232666015625,45.909275890006334,44.434463287258026,44.56369814266099,1266300
2016-03-30,45.187076568603516,45.98530283699592,44.928603935977605,45.81045122964538,1115300
2016-03-31,45.9168815612793,46.37300835229209,44.890591931525414,45.14146369657083,1278700
2016-04-01,46.167747497558594,46.175351253583706,45.141460832893536,45.62039306307951,999400
2016-04-04,45.954898834228516,46.3274017618434,45.87127489946244,46.12974756147401,741900
2016-04-05,44.76896667480469,45.66601871905993,44.426870064710066,45.42275066298908,1034600
2016-04-06,45.48356246948242,45.551978881503125,44.464876546298775,44.76135926498938,896000
2016-04-07,44.8449821472168,45.384732873810506,44.586509518991384,45.004626238183924,962500
2016-04-08,45.749629974365234,46.106931101411234,45.22508391762417,45.278298608888484,679100
2016-04-11,45.65840530395508,46.14494128228836,45.361919723424,45.70401623943433,696100
2016-04-12,46.12974166870117,46.32739584382153,45.22508891721606,45.58238718377788,750600
2016-04-13,46.9583740234375,47.011588720324696,46.1069359732588,46.53265354835641,744900
2016-04-14,46.5174446105957,46.95076590209951,46.06891870711136,46.9355641901022,617500
2016-04-15,47.33848190307617,47.39169660136262,45.901679249374844,46.357806063254024,986100
2016-04-18,47.57415008544922,47.77940512610079,46.98118173473079,47.06480566239516,669400
2016-04-19,47.96186065673828,48.29635348876131,47.35369055306741,47.779408175645116,735500
2016-04-20,47.66536331176758,48.25072776348903,47.627353235678214,47.83260822655733,1012600
2016-04-21,48.53961944580078,50.934292569901565,48.463599273600366,49.03375926505449,1619800
2016-04-22,49.9307975769043,50.08283787977093,48.69165228864051,48.84369259150714,950000
2016-04-25,49.49747848510742,50.68340913891605,49.17819035523064,50.27289334337475,703500
2016-04-26,50.1208610534668,50.56938409815953,49.58871408519288,49.755956132388285,654800
2016-04-27,50.29570388793945,50.88106545097932,49.86998058758088,50.280496377230605,641800
2016-04-28,50.06004333496094,50.76704191745783,49.48988337488173,49.80917156053399,625100
2016-04-29,49.32262420654297,50.4781513751108,49.18578561552746,50.01442091666743,1190200
2016-05-02,50.265316009521484,50.272913968136116,49.24662695822554,49.611531970622046,861600
2016-05-03,49.70274353027344,49.95361531158992,49.193402010607024,49.75595822934355,719800
2016-05-04,49.22381591796875,49.99923100669843,48.752481538565064,49.451882249930996,806000
2016-05-05,49.375858306884766,49.67234107066993,48.934938940209385,49.32264360056353,526600
2016-05-06,49.626712799072266,49.87758452700056,49.239002474089084,49.27701545103554,473100
2016-05-09,49.8699951171875,50.2577055536992,49.44427749276218,49.45188125033196,610300
2016-05-10,50.744224548339844,50.78983547846169,49.97640769148319,49.99161520150092,719500
2016-05-11,50.29570388793945,50.97229311533457,50.21967793432711,50.691012166880334,456300
2016-05-12,50.424949645996094,51.07112979183566,50.098057694576,50.653010156309776,504800
2016-05-13,49.65713119506836,50.46295541551325,49.45947411836728,50.14366723005022,391300
2016-05-16,50.51616287231445,50.73662538781028,49.55069469752423,49.657124077423425,602900
2016-05-17,49.474693298339844,50.1512828127789,48.828513018253695,50.1512828127789,1443300
2016-05-18,48.950138092041016,49.78637163326882,48.80569569674949,49.28463382851921,1235500
2016-05-19,48.75247573852539,49.31503774378002,47.98466159888149,48.65365009974842,748300
2016-05-20,49.512672424316406,49.57349085854639,48.57761364788211,48.995727333291754,813100
2016-05-23,49.67994689941406,50.265314493314314,49.36065864817842,49.61153047413567,675100
2016-05-24,50.029624938964844,50.348918866068004,49.77875901048048,49.99161776190527,583800
2016-05-25,51.39801788330078,51.58807119427291,50.24249050460883,50.40973834625899,717000
2016-05-26,51.34480667114258,51.686900334111236,51.0179147220975,51.45123606850915,688000
2016-05-27,51.945377349853516,52.00619580721416,51.23837873294613,51.23837873294613,616100
2016-05-31,51.869346618652344,52.44710444605745,51.54245472684618,51.97577599738308,1098700
2016-06-01,52.424293518066406,52.424293518066406,51.20034999019677,51.51963809312828,640600
2016-06-02,52.81961441040039,52.94124550347587,52.06699918462859,52.34067639400628,1000100
2016-06-03,52.65236282348633,52.97165094497688,52.21904157290176,52.87282532641053,1328100
2016-06-06,53.02488327026367,53.17692362632032,52.523139655334695,52.82722616741579,959700
2016-06-07,54.03596496582031,54.20321282665475,53.04008155811547,53.21493317625168,1234700
2016-06-08,53.83070373535156,54.21081039819114,53.71667637647361,54.14239398286437,1063800
2016-06-09,52.941261291503906,53.67866922557054,52.872844868739634,53.579843570477244,870100
2016-06-10,52.53833770751953,52.576350689670555,51.96817777505474,52.507928481792064,1443400
2016-06-13,50.59190368652344,52.53067749844615,50.51527367397004,52.40040004596066,1537800
2016-06-14,50.33902359008789,50.56891362026005,49.67999497990338,50.499948365156904,1050400
2016-06-15,50.13212203979492,50.691532287480115,50.00185042269552,50.6532143546882,1472200
2016-06-16,50.23173904418945,50.2623863701851,49.54972203413671,49.87923048379615,771100
2016-06-17,50.385013580322266,50.4463199429708,49.725984798091865,50.14745873317987,1307000
2016-06-20,51.77968978881836,52.032574094263495,50.975060033854824,50.975060033854824,1045300
2016-06-21,51.917640686035156,52.13220712169661,51.618779458292856,51.909975928619566,1307800
2016-06-22,52.27779006958008,52.82953548136903,51.86398101073837,52.00958211843124,1468500
2016-06-23,52.913818359375,53.04408992831695,52.54598621863438,52.576639384237225,1138800
2016-06-24,50.599571228027344,51.82566903588327,50.37734008683854,50.775825528451406,1025900
2016-06-27,48.193355560302734,50.277724891293374,47.92514756105671,50.04017007003202,1224900
2016-06-28,48.791080474853516,49.07461800121716,47.82552870365695,48.56885223092409,2194100
2016-06-29,50.46928787231445,50.58423579397723,49.365797178742476,49.503733515438974,1083800
2016-06-30,51.289249420166016,51.289249420166016,50.33902441754592,50.645544462813945,1162800
2016-07-01,51.44252395629883,51.4655182280269,50.83713675705469,51.0057263374134,849900
2016-07-05,50.1474494934082,51.36588253244219,50.00184837056938,51.189634080422465,970800
2016-07-06,52.47704315185547,52.47704315185547,49.90223461832424,50.14745420025598,1649000
2016-07-07,52.653289794921875,53.62650917914082,52.41573497748856,52.66861930691513,829300
2016-07-08,53.74911880493164,53.795095650282704,52.837205728828266,53.06710164857577,584300
2016-07-11,53.442569732666016,54.277852422870716,53.335286575611256,53.97132661135987,694700
2016-07-12,54.13227081298828,54.477108820883764,53.65715534196956,53.871727579733154,831500
2016-07-13,54.39281463623047,54.52308624026862,53.87172237358276,54.52308624026862,486400
2016-07-14,55.04417419433594,55.17444578817709,54.68400673777953,54.87558467454403,818500
2016-07-15,56.730072021484375,57.53470189763206,55.42734406119359,55.42734406119359,1376700
2016-07-18,56.454193115234375,56.51549946696763,55.67255759336958,56.25495624184453,824500
2016-07-19,56.0710334777832,56.54614890254582,55.78750185113842,56.33924144075601,718700
2016-07-20,56.538490295410156,56.898657819064425,56.01739797647337,56.25495863793438,840700
2016-07-21,56.56148910522461,58.239714323043934,56.51551225426961,57.664980300119154,1713100
2016-07-22,56.96760559082031,57.11320667605749,56.2549413647494,56.56912610292641,752600
2016-07-25,56.730072021484375,57.15920483729854,56.400557653199606,56.998280031368225,439900
2016-07-26,57.703277587890625,57.85653760055248,56.6994052115229,56.9063126597606,996200
2016-07-27,57.53469467163086,58.12475221926776,57.0749087343625,57.856544243069166,626000
2016-07-28,57.412078857421875,57.82588793247584,56.88332768915437,57.55767997081912,523900
2016-07-29,57.235836029052734,57.47339084031409,56.76838531583186,57.22050651745775,712200
2016-08-01,57.03660202026367,57.4580759561016,56.47719169146938,57.28948638176643,799000
2016-08-02,56.56915283203125,57.03660362988095,56.2779563704596,57.03660362988095,675500
2016-08-03,56.73772048950195,57.05957000896522,56.20129877723541,56.46184780239218,538700
2016-08-04,56.898658752441406,57.81057178716391,56.86800557476631,56.95230035174885,716200
2016-08-05,57.18985366821289,57.925512373601556,57.143876826155996,57.35077846190769,535100
2016-08-08,57.18220520019531,57.573020122032084,56.79138443186179,57.07492198480913,707000
2016-08-09,57.856536865234375,57.97148479651722,57.320120981240656,57.32777988923011,647700
2016-08-10,58.49256896972656,59.22822744362097,57.88718207166376,58.00212998713029,832200
2016-08-11,58.97536849975586,59.312547637378294,58.408299279069695,58.81444368766234,608300
2016-08-12,58.3623161315918,58.99835055458878,58.25502708861487,58.91405577928273,791300
2016-08-15,58.21672058105469,58.921726181633446,58.19373215767655,58.44661066133231,768500
2016-08-16,58.898719787597656,59.312528821635155,58.39295124160921,58.446592828623636,741200
2016-08-17,59.21292495727539,59.3125492578382,58.699497326593196,59.07498856507009,482400
2016-08-18,59.49645233154297,59.5424291722558,58.89106526067684,59.2512327702487,637700
2016-08-19,59.61140060424805,59.749336973632744,58.70715237083624,59.105631967672295,554100
2016-08-22,58.63052749633789,59.151619843442234,57.43507690798318,58.960041860631755,960500
2016-08-23,59.074981689453125,59.56542668526514,58.84509162686507,59.006016424625464,456700
2016-08-24,58.24737548828125,59.37385503918385,58.14775118869344,59.07498798691689,571300
2016-08-25,60.301082611083984,60.661250123571136,58.0098059220899,58.25502548536905,1832000
2016-08-26,60.81450271606445,61.49651972567636,59.56541663198201,60.3700404849818,1464800
2016-08-29,60.46967315673828,61.24364394477661,60.37004887074643,60.84516434029618,655700
2016-08-30,60.86048126220703,61.03673554724396,60.032863121720155,60.53863171196047,631300
2016-08-31,60.255104064941406,60.86815593852319,59.59607534711459,60.86049118231702,931200
2016-09-01,60.492652893066406,60.86047926801145,60.04052590934855,60.37004020375485,923400
2016-09-02,61.052085876464844,61.151710194931596,60.48501653837531,60.95246740449566,749700
2016-09-06,61.72643280029297,61.910346039882356,61.2972941125891,61.48887210905618,727000
2016-09-07,62.30882263183594,62.316487388336206,61.28196742765555,61.649793888721646,779500
2016-09-08,61.96397399902344,62.66897946760339,61.66511285807117,61.879679231422,725500
2016-09-09,60.46967315673828,61.565493530683376,60.43901998000968,61.52718144464438,883200
2016-09-12,61.626792907714844,61.94098354874344,59.971562477219685,60.239770435113,731800
2016-09-13,61.14020538330078,62.24467786749965,60.45279748259962,61.46459615037976,937100
2016-09-14,60.73086166381836,61.51094944403137,60.298340546547756,61.10932353408842,473700
2016-09-15,61.81218338012695,62.06706447481725,60.90852047276266,60.90852047276266,601600
2016-09-16,61.8353271484375,63.38005183077794,61.58817143496931,61.66540649055493,1319000
2016-09-19,62.09795379638672,62.97844668298836,61.99754288776756,62.41461939605133,543000
2016-09-20,61.611358642578125,62.63860225868424,61.51867890694421,62.39144647589602,377300
2016-09-21,63.07112121582031,63.17152621411022,61.85850649851932,61.92802218399535,569600
2016-09-22,62.28330993652344,62.87030707146313,61.78899842057152,62.41461014392922,947500
2016-09-23,63.55771255493164,63.928443265092156,62.82396462444753,63.6735681116037,931000
2016-09-26,63.31828308105469,63.64267393084544,63.04023209761734,63.071127306072434,1001800
2016-09-27,62.37600326538086,63.333731209333635,61.873966412628775,63.25649613029304,1142700
2016-09-28,63.07112121582031,63.17152621411022,62.02842718228526,62.79307025923202,609200
2016-09-29,61.57271194458008,62.978410831091544,61.248321253690264,62.800764942658205,833100
2016-09-30,62.76218032836914,63.086571174098374,61.78127662334138,61.98209252945593,755100
2016-10-03,62.6308708190918,63.13290761078064,62.49957061142708,62.86258192068914,654800
2016-10-04,62.4300422668457,63.15605877699208,61.98207074627993,62.78532819578039,727300
2016-10-05,61.24061584472656,63.086561522625125,60.39873775847387,62.83168051454938,1230200
2016-10-06,62.5767936706543,63.071110985364406,61.163375078695104,61.163375078695104,901500
2016-10-07,62.26783752441406,62.638568049799495,61.6499454585644,62.43003286585212,851400
2016-10-10,62.908905029296875,63.10199559831578,62.19833314954487,62.58451428758268,636700
2016-10-11,62.2601203918457,62.73898710011012,61.727188562701116,62.654026782633274,631000
2016-10-12,63.549991607666016,64.01340797325548,62.561368456366125,62.63087825950809,791500
2016-10-13,62.8316650390625,63.1328858316311,61.81987242262211,62.97069047352924,675600
2016-10-14,63.79711151123047,64.20646250212924,63.16377479287368,63.16377479287368,797500
2016-10-17,64.36095428466797,65.41136752343664,64.05973344779459,64.49225446634982,993200
2016-10-18,64.7008056640625,65.95976034211613,64.64674052340524,65.43455359316344,1547200
2016-10-19,66.0678939819336,66.07561925746545,64.43048323604283,65.15650592691136,1140700
2016-10-20,62.66175842285156,65.65080298604337,62.267857847648614,65.25689651818304,1624500
2016-10-21,62.978431701660156,63.41867804023505,61.72720247445163,62.21379456469484,903100
2016-10-24,63.82804489135742,65.18740471940546,63.66584945222551,63.90527997294514,1422500
2016-10-25,62.468666076660156,63.58086976999029,62.15200057059974,63.54997456821365,1123300
2016-10-26,62.59998321533203,63.109739403049275,61.87396057697599,62.16745620671269,593900
2016-10-27,62.5381965637207,62.54592183915862,61.79672922346344,62.40689634456922,918100
2016-10-28,62.955257415771484,63.78940428353158,62.52273048852338,62.52273048852338,698700
2016-10-31,63.71990203857422,63.82803231001493,63.07883979170583,63.094290340573274,918000
2016-11-01,62.04387664794922,64.07518775782185,61.742655765681434,63.82030673662362,799500
2016-11-02,61.580467224121094,62.476404696403854,61.55729139834491,61.85079293159182,632100
2016-11-03,60.76176071166992,61.54957381667413,60.69225091028295,61.402823045756776,913500
2016-11-04,61.070701599121094,61.734933809220365,60.2674439056834,60.69224563051136,885500
2016-11-07,61.27924346923828,62.05933131480527,60.56867131914695,61.77356093523526,1010400
2016-11-08,61.897125244140625,62.15973153696364,60.9085022673763,60.9085022673763,688500
2016-11-09,63.54225540161133,63.928436621949125,61.20199814918954,61.279233214725544,886800
2016-11-10,63.42639923095703,64.83209849280887,63.395504029386345,64.02111565638555,699900
2016-11-11,63.79711151123047,63.86662716793043,62.986134800767466,63.33369540630083,744400
2016-11-14,66.40001678466797,66.54676757121402,64.21422910972933,64.21422910972933,1378500
2016-11-15,66.36138916015625,66.51586520639947,65.06381983500644,65.99837781730798,761900
2016-11-16,66.20690155029297,67.48901998644256,66.1605616949674,66.61625265275433,678400
2016-11-17,67.02561950683594,67.69757703025805,65.88252626068298,66.58537309981,848200
2016-11-18,67.58946228027344,67.77482768039472,66.70124398684172,67.01790963318808,636500
2016-11-21,66.64714813232422,67.19552469571059,66.26869222938433,67.05649923649594,883400
2016-11-22,65.39591979980469,66.80934433701037,64.99429396418951,66.77072386183363,1374600
2016-11-23,65.43451690673828,66.121918692265,65.28004095385555,65.3727265255852,797500
2016-11-25,65.98291778564453,66.03698291606835,65.53494619490012,65.56584139695049,411800
2016-11-28,65.95974731445312,66.15283790618592,65.55039620280476,65.68942166455867,891200
2016-11-29,66.14509582519531,66.57761675512349,65.53492900324338,65.73574481756248,772500
2016-11-30,65.4654541015625,66.33822169788262,65.43455889116282,66.29188182861253,768700
2016-12-01,65.79756927490234,66.07562027173036,65.41910737259496,65.60447863225282,856400
2016-12-02,67.24960327148438,67.28822375391073,65.66625777453659,65.85934840135177,980700
2016-12-05,67.3113784790039,68.19187106694349,67.18779767728617,67.82885982771882,915600
2016-12-06,67.1491928100586,67.68984416414207,66.43861488270312,67.62033437261326,688400
2016-12-07,67.41951751708984,68.28456556383519,67.12602191376122,67.33455717800513,1183000
2016-12-08,67.450439453125,67.98336573635814,67.25734876825472,67.55084448789992,956900
2016-12-09,67.48902130126953,67.99105801681982,67.14146059424243,67.46585137315535,712000
2016-12-12,66.79388427734375,68.06827716705291,66.42314783618717,67.72071654125148,874100
2016-12-13,66.87885284423828,67.241864090403,66.14511097114661,66.66259232975472,588200
2016-12-14,66.54674530029297,67.5739827843562,66.29186430137904,67.04877613174142,769900
2016-12-15,66.83253479003906,67.54310696732102,66.43862821436058,66.60854892907125,1426200
2016-12-16,66.7784652709961,67.38863239174815,66.65489032735415,66.87887028099632,1655900
2016-12-19,67.00244903564453,67.19553966687117,66.56220263215413,66.63171243091968,982900
2016-12-20,66.97925567626953,67.19551616477943,66.5081142294488,67.19551616477943,582900
2016-12-21,67.3060302734375,67.69503749001026,66.90145944416555,67.08818718188141,802100
2016-12-22,66.8936996459961,67.5705685665639,66.46578923064135,67.32160412557036,377200
2016-12-23,67.28271484375,67.39163642846754,66.73031917524955,66.87814386984385,281600
2016-12-27,67.4227294921875,67.69503333993893,67.25934124775796,67.51608741954303,578900
2016-12-28,66.27906799316406,67.85843673671586,66.11568563373946,67.78063646114897,394700
2016-12-29,66.17790985107422,66.59025657625872,65.82780570895363,66.24793424096599,550100
2016-12-30,65.99118041992188,66.57469121328447,65.57105193640736,66.51244863740556,372600
2017-01-03,66.1312255859375,66.83143974988556,65.36099297348409,66.25571074209668,1052900
2017-01-04,67.1971206665039,67.25158144906892,66.17014166972066,66.47356687769434,925800
2017-01-05,66.38800048828125,67.71840500742913,65.88228971022608,67.19713654601323,605200
2017-01-06,67.8428726196289,68.03737627500145,66.2479462070424,66.41911037349512,773500
2017-01-09,68.28633880615234,68.8309525874283,67.17377769111386,67.60946990329069,1083900
2017-01-10,68.44972229003906,68.91652982994579,67.96735113519348,68.23187323135467,861700
2017-01-11,68.86984252929688,69.46113522506113,68.37191371258373,68.51195656327053,566200
2017-01-12,67.59391021728516,69.08770284680259,66.90147765813279,68.54308903386185,654400
2017-01-13,67.85842895507812,68.48083702401932,67.3838396120288,67.6561435131768,438800
2017-01-17,66.65250396728516,67.5472218720862,66.44244265401596,67.5472218720862,661900
2017-01-18,67.4227294921875,67.62500895864359,66.4190902226648,66.77697612767791,561800
2017-01-19,66.72254180908203,68.16964961455946,66.41133474437422,67.45387158499717,410200
2017-01-20,66.94815826416016,67.66393026686703,66.72253331934989,67.04151621664697,739100
2017-01-23,68.72203063964844,68.8231704001745,67.22824404099426,67.25158352913256,669000
2017-01-24,71.63957977294922,71.78739849819787,69.10325072805011,69.19661460908597,1358500
2017-01-25,73.677978515625,74.30039255532198,72.36313790882994,74.30039255532198,1152500
2017-01-26,73.14892578125,73.86470368237636,72.56541486554329,73.62351513422053,878600
2017-01-27,72.80659484863281,73.67019137714648,72.61209123294559,73.36676621153674,713000
2017-01-30,71.43729400634766,72.7443586559935,71.17277191495471,72.7443586559935,1286400
2017-01-31,71.7173843383789,75.36627462395836,70.74486611179847,73.77912416588546,2027700
2017-02-01,72.43316650390625,72.83773746703442,70.83823994972849,71.5540120404555,1190300
2017-02-02,72.64322662353516,72.70546328144272,70.85379063757786,72.25421931665578,958500
2017-02-03,73.30451965332031,73.87246685628074,72.90773063682508,73.32785913621197,723400
2017-02-06,73.28895568847656,73.46790161608385,69.88903648594851,72.04413380874848,1201800
2017-02-07,73.97362518310547,75.10952571910212,73.01666467040543,73.24228960324983,1119500
2017-02-08,73.27339172363281,74.19923069962236,70.7604027612805,73.98138169555897,3162100
2017-02-09,72.93885803222656,73.27340449849889,71.11052517804131,73.27340449849889,1159900
2017-02-10,73.20338439941406,73.52237320641514,72.16862958399791,73.00888076659285,588900
2017-02-13,73.81023406982422,74.72050956482762,72.89995263904154,73.46790580745196,1000500
2017-02-14,74.0202865600586,74.21479015222519,73.34341192243855,73.46011526489421,426200
2017-02-15,74.26924896240234,74.7905171510781,74.11364846708308,74.24590948168229,704600
2017-02-16,75.17176818847656,75.25735026410149,74.36263234170087,74.63493624788019,778700
2017-02-17,74.11366271972656,75.14841749057013,73.46790926198916,74.72051307826356,786400
2017-02-21,74.54156494140625,74.68938959108802,73.82579304907871,74.06697563685053,722800
2017-02-22,73.13335418701172,74.4092973383909,72.86105033198182,74.21479373682969,1246100
2017-02-23,73.12556457519531,74.08252480446909,72.627635883212,73.75576021331345,783300
2017-02-24,72.7054443359375,73.25005798512206,72.30866126007575,72.88439026221587,614800
2017-02-27,72.86884307861328,73.28118982610827,72.47205400983631,72.70545480528531,706100
2017-02-28,71.9118881225586,73.125588972225,71.71738447686691,72.68212089747918,971600
2017-03-01,72.93885803222656,73.0944585550502,72.2386438079613,72.62765105079984,1132300
2017-03-02,72.7443618774414,73.05556889081107,72.44871847941927,72.93886551882494,866300
2017-03-03,72.93108367919922,73.25785430777324,72.32423326807327,73.00888394856253,674800
2017-03-06,71.84185028076172,73.07111451610567,71.22722409886885,72.8532714234177,741300
2017-03-07,71.92742919921875,72.43313974843828,71.31280304419586,71.96633229368904,1178900
2017-03-08,72.33202362060547,72.82995252628903,72.0830591677637,72.22310204347349,796100
2017-03-09,72.18418884277344,72.63543870538227,71.76406027439072,72.33201350640252,673200
2017-03-10,71.7173843383789,73.2345103975323,71.59289915620212,72.61987816603985,770200
2017-03-13,72.0855484008789,72.32839663820208,71.73303505621335,72.32839663820208,737300
2017-03-14,71.95240020751953,72.43809086068161,71.54505119075256,71.85839980644978,588200
2017-03-15,72.77491760253906,73.197937209507,71.96804919497326,72.00721402471741,827400
2017-03-16,72.39108276367188,73.15878051292988,72.17173457297108,73.13528041522585,686200
2017-03-17,72.35189056396484,72.77491012748243,72.17171324044565,72.44589690362163,2332400
2017-03-20,73.95780944824219,74.07530992048338,72.11688902811336,72.64175036950448,755100
2017-03-21,71.70955657958984,74.42001099986322,71.26303675265576,74.0753269311325,686600
2017-03-22,72.16392517089844,72.23442548352934,71.28655009506514,71.80357629420674,1077400
2017-03-23,72.4145736694336,73.04910013340711,71.79571194306534,72.16389603136524,431200
2017-03-24,70.82432556152344,72.1560491810233,70.36997054719981,71.90537158288362,754400
2017-03-27,69.88429260253906,70.1898057932207,69.3046016736337,69.9782989599128,1121800
2017-03-28,71.1376953125,71.61555060075314,69.56312884788981,69.6492998655504,848500
2017-03-29,70.54232025146484,71.21601749095306,70.36997826322934,70.8948336080367,611500
2017-03-30,71.37268829345703,71.52153018715298,70.59715532815505,70.59715532815505,555500
2017-03-31,71.77220916748047,72.27356442489035,70.95750538003287,71.20818300873782,739600
2017-04-03,71.12201690673828,72.14039222864216,70.61282625747309,71.83487903440835,608900
2017-04-04,71.411865234375,71.74087852347685,70.73816794147513,70.8400036804943,808200
2017-04-05,71.1455078125,72.20305380798759,71.09850762765078,71.5998628547949,467300
2017-04-06,71.88973236083984,72.26575191106905,70.91052163033756,71.10636377643802,487000
2017-04-07,71.31787872314453,72.04641176697166,71.09853646936917,71.63905674427897,774300
2017-04-10,71.28652954101562,71.78004951702155,70.84784511789925,71.54504256604936,662400
2017-04-11,71.29436492919922,71.45887158793747,70.91051008218298,71.26302947373094,584100
2017-04-12,70.64414978027344,71.45885348618947,70.29163645465015,71.33351169606753,588900
2017-04-13,70.51881408691406,70.89483351316342,70.29947191186278,70.62849115106573,714400
2017-04-17,71.52938079833984,71.57638697571637,70.7225121434713,70.96535448284361,562500
2017-04-18,72.4459228515625,73.35462722054734,71.85056110707953,71.98373232015557,705900
2017-04-19,73.33111572265625,73.8011355629758,72.53207661514912,73.00210243209521,731300
2017-04-20,73.51126861572266,74.25547198761282,73.44076834688966,73.51910397113467,658900
2017-04-21,73.42512512207031,73.76197378396385,73.10394119896465,73.64446732486113,514500
2017-04-24,73.69931030273438,74.61585001817333,73.55830373292628,74.42000789214138,760900
2017-04-25,73.91866302490234,74.81170276829943,73.67582066665717,74.35734753699123,552400
2017-04-26,74.05963897705078,74.82733655561803,73.43294195335748,74.14580996722425,617200
2017-04-27,78.52482604980469,79.12802290576208,76.60557636621301,77.74929321162735,1296500
2017-04-28,77.38114929199219,78.5562021910849,77.16180704042205,78.53270208936355,1053900
2017-05-01,77.26362609863281,77.85898777888306,76.94244815018159,77.52213911492096,645800
2017-05-02,77.38114929199219,77.73366874769687,77.15397168097222,77.29497826792847,437600
2017-05-03,77.48297119140625,77.49863592966602,77.01294537084127,77.24012292368059,818700
2017-05-04,78.74417114257812,79.05751962708858,77.46728309073266,77.52995398295981,824000
2017-05-05,80.06024932861328,80.29526224290171,78.7363607762267,79.08887417103267,946500
2017-05-08,79.36305236816406,80.23259178866473,78.94003270603183,79.9819141344338,622800
2017-05-09,78.80689239501953,79.60593183996512,78.75205682343535,79.37091883224488,464200
2017-05-10,80.44410705566406,80.55377815918783,78.69719280388951,78.72069290084076,605600
2017-05-11,80.28742218017578,80.46759953412139,79.84090245049686,80.28742218017578,586000
2017-05-12,80.1542739868164,80.20127418975237,79.60591836380347,79.85659607384196,431400
2017-05-15,80.59294128417969,80.81228946319717,80.02108568175059,80.14642152170524,532600
2017-05-16,80.60078430175781,80.82012652499368,79.707744691939,80.77312632762238,500800
2017-05-17,78.76770782470703,80.60078731013456,78.72853700768403,80.60078731013456,501300
2017-05-18,77.72582244873047,78.36818437076018,76.84844758930787,78.32901355565227,797100
2017-05-19,77.82765197753906,78.25850700276528,77.5534742235891,77.7258162336796,855400
2017-05-22,78.26634979248047,78.62669858569357,77.73365897281168,78.02350149309865,674600
2017-05-23,78.33686065673828,78.5640382698382,77.74933420181274,78.40736096254783,605600
2017-05-24,79.60588836669922,79.66855328812441,78.45433601567214,78.48567146469763,555000
2017-05-25,79.88008117675781,80.48327224881487,79.51973240977702,79.6294035137874,391500
2017-05-26,80.04458618164062,80.23259293083356,79.441395122026,79.88791488675098,331700
2017-05-30,80.1542739868164,80.56945838375879,79.55108280150218,79.91926101888055,373900
2017-05-31,80.02891540527344,80.51459996876649,79.5588896028105,80.42842897009004,773400
2017-06-01,81.4703140258789,81.5173142176041,79.9897482202695,80.09941931871268,355400
2017-06-02,81.62699890136719,82.15968974387349,81.20398515218442,81.43899212654956,359100
2017-06-05,81.54081726074219,82.09701410718468,81.4389815161146,81.62698826643741,568600
2017-06-06,80.9767837524414,81.97165886900723,80.60076433673,81.52513917470196,526300
2017-06-07,81.27447509765625,81.83850132688342,80.93762643168041,81.05513289220721,625300
2017-06-08,81.2901382446289,81.6113221653369,80.66344709513731,81.14913169008362,418200
2017-06-09,82.21450805664062,82.85686988109894,81.49381059049252,81.7758236818768,598900
2017-06-12,82.41036224365234,82.7707170062381,81.98734852112115,82.2145201223731,780700
2017-06-13,83.34817504882812,83.38757583485881,82.27637506160721,82.48915614154618,441600
2017-06-14,82.70980834960938,83.99439525181612,82.37881293206986,83.99439525181612,503800
2017-06-15,83.04082489013672,83.79738855902181,82.18968850790341,82.53644911088,515500
2017-06-16,84.77464294433594,84.86921568787682,83.0960173317748,83.1905840626802,1008000
2017-06-19,85.34992218017578,85.82277371878548,84.78249792879072,85.55482070557208,574700
2017-06-20,85.03469848632812,85.4445016108114,84.61701279811409,85.25536216971408,492500
2017-06-21,84.88491821289062,85.28684458918157,84.443591062536,85.08982268096875,438100
2017-06-22,84.90071105957031,85.1844171684288,84.36481105371152,85.05044367012245,483600
2017-06-23,86.24047088623047,86.33504361166239,84.5697221460727,85.01105551878729,1192300
2017-06-26,87.54081726074219,87.80088774608488,86.35080268663255,86.6896807701485,982300
2017-06-27,87.1704330444336,87.74573404198382,87.05221861629836,87.46990438475866,1145400
2017-06-28,88.8726806640625,89.46374666106716,87.50140923454927,87.65903044133105,948500
2017-06-29,87.91120910644531,89.03029249995271,87.35954395972598,89.03029249995271,1109100
2017-06-30,87.78510284423828,88.45497629676565,87.30436878724774,88.37616871634472,843200
2017-07-03,88.3525619506836,89.1012432794283,87.76149584505293,88.03732549182017,271100
2017-07-05,88.17916870117188,88.9908984054981,87.71419965214403,88.4549983075981,548200
2017-07-06,87.3516616821289,88.20279807403908,87.17040482860934,87.80875411622515,498100
2017-07-07,87.41471099853516,87.84816176134973,87.25709581894823,87.46987691265394,696500
2017-07-10,88.62837219238281,89.39281848364561,86.69755907512581,86.91822274422557,974500
2017-07-11,87.70631408691406,88.8253976019092,87.29650496056125,88.8253976019092,671100
2017-07-12,88.13975524902344,88.86480074749046,87.5329301606409,88.3289006899978,552300
2017-07-13,89.29823303222656,90.08632088816398,88.64412468139972,88.66776635505653,833300
2017-07-14,89.14061737060547,89.51101962285848,89.03816811445101,89.41644691612373,377200
2017-07-17,88.92784881591797,89.25096778845725,88.21857441181258,88.82539953841338,518400
2017-07-18,87.87969207763672,88.63625581471926,87.509289766093,88.43135125697792,809600
2017-07-19,88.48649597167969,88.67563535747001,88.08456951582167,88.29735658588936,756900
2017-07-20,87.05220794677734,88.23434005797091,86.31928579733194,88.23434005797091,1590300
2017-07-21,86.26409149169922,87.13886944719066,85.7045498646734,86.8551573528349,1162200
2017-07-24,85.8936996459961,87.30437772671816,85.83853373278947,87.12312087445365,1476400
2017-07-25,85.57060241699219,86.46113975419885,85.31053191592517,86.42173895904715,22606500
2017-07-26,85.74398040771484,86.40597146946493,84.72734612348331,85.7045736010054,2137100
2017-07-27,87.12311553955078,88.52591097173485,83.38757474498658,84.92434968329714,1473000
2017-07-28,86.50841522216797,87.86392751453917,85.92523179846204,87.17829481762254,2008300
2017-07-31,86.27986907958984,87.24133130199101,85.9803918185984,86.92610094061816,1150100
2017-08-01,86.72908782958984,87.02855910857917,85.77549604720684,86.46113477985467,1017600
2017-08-02,86.87094116210938,87.11524651321959,85.7439751039621,86.40596612476428,735300
2017-08-03,86.7527084350586,87.75357731820537,86.40594787114968,86.77635010757368,702800
2017-08-04,85.96463775634766,87.30438490879894,85.74397408536831,87.0443144340158,941100
2017-08-07,86.23258209228516,86.78424726516181,85.83066156666568,86.18529873930261,766100
2017-08-08,86.39021301269531,87.05220407949007,86.11437738889624,86.56358733068829,995700
2017-08-09,86.03557586669922,86.80790484516635,85.83855384299827,86.3823365524561,750900
2017-08-10,84.58546447753906,86.53991884199905,84.45149099542542,86.27985443925866,732900
2017-08-11,84.73522186279297,85.14503100316016,84.24661113503102,84.44363314142134,1532300
2017-08-14,86.0040512084961,86.60299984120931,85.17656232050577,85.40510858841785,737700
2017-08-15,86.13014221191406,86.85518176230447,85.68881483561287,86.09861796894477,804100
2017-08-16,87.82452392578125,87.97425654914574,86.68179277959247,86.68179277959247,708300
2017-08-17,87.13888549804688,87.87180754136361,86.94974607118145,87.55657115483193,702700
2017-08-18,86.68180847167969,87.45413745556179,86.4690273301502,86.90247217775027,731900
2017-08-21,83.93925476074219,86.51629988123754,83.92348963362996,86.51629988123754,999800
2017-08-22,85.73609924316406,85.83067197322956,84.00230193443772,84.00230193443772,842000
2017-08-23,86.02766418457031,86.60296489177155,85.20016961788819,85.38142643859939,610200
2017-08-24,86.78425598144531,87.00491966770504,86.01192706690176,86.25623243202725,614300
2017-08-25,86.97338104248047,87.46987425446127,86.58721965538429,87.1231196673811,524500
2017-08-28,85.9488525390625,87.2570811578307,85.8385207293631,87.05217664868923,560200
2017-08-29,85.5075454711914,85.7597333832278,85.1135014828449,85.57847050302941,646900
2017-08-30,87.58808898925781,87.61173066430779,85.53906164560225,85.53906164560225,709300
2017-08-31,88.58898162841797,88.87268779813063,87.61963066995864,87.74572163287152,829000
2017-09-01,89.40857696533203,89.55043303912667,88.82539355645804,88.82539355645804,434500
2017-09-05,88.17916870117188,89.59772955227025,87.84029060966697,89.38494241828826,678000
2017-09-06,87.9742660522461,88.80964346619642,87.24134393194478,88.33678583041394,527800
2017-09-07,88.48649597167969,88.94358833225292,87.58807637338482,88.06092784417696,605000
2017-09-08,89.6765365600586,90.18879497582964,88.44712117231565,88.58897725648863,724800
2017-09-11,92.04866790771484,92.56880278826665,89.6922807887818,90.18089744486794,1484500
2017-09-12,93.20713806152344,93.75880310898592,92.27719425092972,92.91554943424156,1182500
2017-09-13,91.89103698730469,92.96283688459465,91.16599764873583,92.726414150348,1225900
2017-09-14,91.75634002685547,91.94650690952743,91.00358578889795,91.55032237753805,861000
2017-09-15,91.81975555419922,91.97823304698137,90.72628805784434,91.566197611046,2177700
2017-09-18,92.08916473388672,92.85776395318778,91.8435321754579,92.08123934788307,1092800
2017-09-19,92.91321563720703,93.14300343448232,91.38394281384191,92.08915093000174,1061900
2017-09-20,94.51380920410156,94.63266580824586,92.90530049120305,92.91322587689213,877100
2017-09-21,94.13347625732422,94.53758025199913,93.91160777291881,94.4424998039806,461900
2017-09-22,92.08123779296875,94.12555208591486,91.2888684743352,93.89576425807536,1080000
2017-09-25,90.2508544921875,91.99406434117024,88.9038232040669,91.74050643504007,977800
2017-09-26,90.58364868164062,91.21754647361159,90.25085506123969,90.38555637731187,663500
2017-09-27,91.35225677490234,91.81183241701933,90.5202665967698,91.01946312176851,696800
2017-09-28,91.60578918457031,92.0653646986414,90.78965000510053,91.16998377548632,874100
2017-09-29,90.86891174316406,91.23340089643969,90.24293926950658,91.19378001324316,829800
2017-10-02,92.58834075927734,92.75473756754599,90.68665345073984,90.68665345073984,681300
2017-10-03,92.92115020751953,93.4044959904454,92.2793329740894,92.92115020751953,544700
2017-10-04,92.96866607666016,93.46785642327384,92.5566307676139,92.94489597138755,655700
2017-10-05,92.75472259521484,93.01620584255619,92.16044578505526,93.00828045907109,771900
2017-10-06,92.31101989746094,93.35694709139707,92.17631857251637,92.50911221483746,527800
2017-10-09,92.4853286743164,92.79435216092703,91.92274730009457,92.54871965754343,383800
2017-10-10,93.0796127319336,93.22223943256598,92.3506345043891,92.61211175113402,366200
2017-10-11,92.469482421875,93.32524260134267,92.15253958085485,93.1667711808326,589500
2017-10-12,91.51863098144531,92.64379365173133,91.43146989688688,92.64379365173133,809300
2017-10-13,91.66919708251953,91.97029521009568,91.22546620809993,91.35224818516193,771600
2017-10-16,92.70720672607422,92.74682760860622,91.59788851345476,91.89106732641713,695000
2017-10-17,92.50908660888672,93.19052447566796,92.32683906741431,92.7626444631335,711600
2017-10-18,92.24762725830078,92.89736980588522,91.97822461322079,92.63589254604219,793500
2017-10-19,92.3902359008789,92.50116709131514,91.66918316304333,92.03367222380477,386300
2017-10-20,93.78480529785156,93.80065001960656,92.69133813786529,92.91320051421354,596200
2017-10-23,93.6104965209961,94.28400912989777,93.57087564299714,94.16515254119813,547300
2017-10-24,93.99874877929688,94.74357770442042,93.3886272022232,94.60887640166733,758000
2017-10-25,93.62635040283203,94.5138000646577,92.62796348798074,94.24439743025988,678100
2017-10-26,93.95914459228516,95.67858436773244,92.31894053065022,92.70719976003889,912800
2017-10-27,92.65172576904297,93.51540524842319,88.46801758736564,93.34108911193405,1456700
2017-10-30,91.57413482666016,92.66760246427042,91.38396785605381,92.07332539148895,708100
2017-10-31,92.12876892089844,92.61211464116373,91.20962374559394,91.8355961709424,476600
2017-11-01,92.3664779663086,93.14300244698194,91.96236797915729,92.7943580623575,881700
2017-11-02,92.08123779296875,92.86568172573249,91.58996663910862,91.9861512984254,706300
2017-11-03,91.70880126953125,92.58040610210345,91.60579545909978,91.99405463950713,513000
2017-11-06,87.92130279541016,91.68505722695322,87.65981945771554,91.67713184072957,1735700
2017-11-07,88.23033142089844,88.70575185151515,87.04970270838552,87.77868110501774,783600
2017-11-08,88.2778549194336,88.41255623171645,87.58056615882174,87.95298064773085,883400
2017-11-09,86.55049133300781,88.03221788440254,85.96413376590985,87.6439586647924,1183200
2017-11-10,87.37455749511719,87.65189157824278,86.59803898919942,86.69312547872515,913600
2017-11-13,89.03060913085938,89.32378792873537,86.89913392063379,87.31116931469181,1086500
2017-11-14,89.30792999267578,89.88636215685833,88.47594597675214,88.6740382727288,456800
2017-11-15,88.62648010253906,89.60901606588098,88.3174566459614,88.78495754520473,667100
2017-11-16,88.64234161376953,89.22076772504525,88.32539273531721,88.41255382802403,632400
2017-11-17,89.1177749633789,89.42679850268111,88.04015224596172,88.2857847912281,447200
2017-11-20,88.56311798095703,89.5456603097255,88.38087641913427,88.75329097411768,666200
2017-11-21,88.77703857421875,89.64071802927008,88.72949836063331,89.08606205311756,612300
2017-11-22,88.80081939697266,89.18907862713226,88.40463478182683,88.91175060558969,468800
2017-11-24,88.32539367675781,89.39509086330114,88.32539367675781,89.12568824318824,178000
2017-11-27,88.28578186035156,89.20493310746352,87.9926091019399,88.34917285228295,546000
2017-11-28,89.49809265136719,89.52186880380417,88.0956019224267,88.57894758526591,549800
2017-11-29,91.19377136230469,91.28885784577734,89.30793477982792,89.51395247136995,665000
2017-11-30,93.97498321533203,94.2760873716853,91.20169109488204,91.28092680354976,1333300
2017-12-01,93.02415466308594,93.92745515848758,90.6549722090271,93.91952977300572,932400
2017-12-04,94.22063446044922,95.03677385570654,93.38071890862211,93.8244498184565,885500
2017-12-05,93.30940246582031,94.14138653235611,93.00829828862857,93.84821378546623,670000
2017-12-06,92.97659301757812,93.87197402470372,92.83397237428044,93.42032385170383,520900
2017-12-07,93.4678726196289,93.9195228339605,92.5645721909657,92.82605548486752,634800
2017-12-08,93.76896667480469,94.33947345661294,93.30939714083438,93.68181162592016,592500
2017-12-11,93.60257720947266,94.05422743959755,92.15254607820701,93.60257720947266,773900
2017-12-12,92.67549133300781,93.4916305574515,92.56456014009099,93.4916305574515,582700
2017-12-13,92.69135284423828,93.2856297517287,92.47740977217522,92.47740977217522,611300
2017-12-14,91.0353012084961,93.071689906964,91.01945648367774,93.00829891709556,930400
2017-12-15,91.33639526367188,92.1287644657505,90.47271573514887,91.01152703437423,1708200
2017-12-18,92.73890686035156,92.96869469087216,91.63751397822412,91.63751397822412,623300
2017-12-19,94.16514587402344,95.02090599771381,92.96867282297332,93.03206380516448,804400
2017-12-20,94.87830352783203,95.2269479735771,94.22856090776972,94.62474557964426,919200
2017-12-21,95.32201385498047,95.96383095011016,95.04467980841116,95.52802548718442,505400
2017-12-22,95.65654754638672,95.8716168886633,94.8201836517607,95.52910422406735,409500
2017-12-26,95.6645278930664,96.28582860852548,95.33794939676321,95.65656078521823,380800
2017-12-27,96.01500701904297,96.42920546731483,95.31405346153574,95.76808137163798,435400
2017-12-28,96.31769561767578,96.37345322106236,95.16271408590119,96.11856045170617,350400
2017-12-29,96.02296447753906,96.68408850677991,95.83179037251135,96.54071096657016,444400
2018-01-02,98.46039581298828,98.59580627265328,96.46904407512689,96.75579921154879,825400
2018-01-03,100.34820556640625,100.82612879720699,98.4842970660227,98.62767464297528,874400
2018-01-04,102.02092742919922,102.8732196004705,100.48360373886702,100.53936134101906,1065200
2018-01-05,102.33159637451172,102.83342096211476,101.7421578908678,102.5147973532208,672200
2018-01-08,103.21575164794922,103.7016419906985,102.52276508612134,102.85731074197781,593200
2018-01-09,101.87755584716797,103.48656537304706,101.65452542547415,103.36708913079909,990800
2018-01-10,101.95719146728516,102.28377601322245,101.42351075170791,101.90940097846396,484500
2018-01-11,102.94493103027344,102.97678731244324,101.44743052909969,102.26786653025408,365300
2018-01-12,102.21209716796875,103.05642827202679,101.7262008313464,103.05642827202679,535900
2018-01-16,100.26853942871094,102.78560483794325,99.79858334069573,102.58646966631855,709000
2018-01-17,100.96949768066406,101.45538797866124,100.04550758049793,100.85001536397043,565800
2018-01-18,100.45173645019531,101.34386411793491,100.38801174311622,100.84203964609027,553300
2018-01-19,101.60670471191406,101.7102588667577,100.73847847986002,100.91371836302147,741200
2018-01-22,101.35977935791016,101.86159768877488,100.70661638627215,101.79787906692665,650800
2018-01-23,100.74645233154297,101.35181877938459,99.5914648775251,101.00930609676165,672300
2018-01-24,100.52342224121094,101.97313198097878,99.98177438499609,101.15269005042545,620400
2018-01-25,100.06938934326172,101.40757774022804,99.85432606389314,100.53138433108727,806300
2018-01-26,101.10489654541016,104.45037064366315,99.32064733928199,100.57917684308035,1296000
2018-01-29,100.34021759033203,102.61036309949579,100.27649288557802,102.59442888474612,745500
2018-01-30,99.33657836914062,100.38004461962538,98.8108647286274,99.91805568618119,1058900
2018-01-31,100.06938934326172,100.31632105171869,95.0113579532415,99.63129567725247,2269200
2018-02-01,98.40462493896484,99.80653807498594,97.53639253822185,99.80653807498594,1662000
2018-02-02,98.05416870117188,98.44447198137355,97.01866933451707,98.08603106159379,1020100
2018-02-05,93.2988052368164,97.57623076505705,91.60217582025763,97.06644522927067,1208700
2018-02-06,94.75648498535156,95.00341066820674,91.15612354168317,91.15612354168317,1487000
2018-02-07,93.2988052368164,95.513193374472,93.2988052368164,94.4298975916452,1001300
2018-02-08,89.17273712158203,93.03596473298447,89.13291372919959,93.02799762365845,1136100
2018-02-09,90.61445617675781,91.12424165106715,87.84249234271883,90.07280835066386,830000
2018-02-12,92.9483413696289,93.38643513259052,90.92512715044887,91.92877018956543,778400
2018-02-13,92.42261505126953,92.90850535709293,91.96858710221917,92.60582208343375,464800
2018-02-14,92.39076232910156,92.67751749283894,91.25170878345695,91.73759913994951,707600
2018-02-15,93.93603515625,94.10330795647688,91.52251806035515,92.94832649328633,1080900
2018-02-16,95.08303833007812,95.59282374598666,93.41826558350064,93.70502063958938,811300
2018-02-20,94.67681121826172,95.52114226513585,93.99178585215252,94.39802323836197,715700
2018-02-21,94.96357727050781,96.89120418510323,94.70868450557886,95.02730198102077,621700
2018-02-22,94.60511016845703,96.22209244819962,94.40597504838802,95.54502817826767,508900
2018-02-23,95.07508087158203,95.38573120101472,94.15109091328426,95.30607836115647,453000
2018-02-26,96.97083282470703,96.99472806590292,95.20251205075444,95.58485414125285,842000
2018-02-27,95.76011657714844,97.32133550007657,95.76011657714844,96.85137336304012,418000
2018-02-28,94.9476547241211,97.08238417169699,94.93969369217066,96.10264245491463,670000
2018-03-01,94.46176147460938,95.56099156230253,93.49794792851323,95.1945835587793,785600
2018-03-02,93.45012664794922,94.15904717211892,91.99245614570846,93.7528098353866,674000
2018-03-05,93.13949584960938,94.15109977295825,92.69343504273084,92.90053123042576,618400
2018-03-06,94.8440933227539,95.7202868072741,93.46607534799766,93.62538712153402,834400
2018-03-07,93.98383331298828,94.9635810252133,93.09967267031206,93.77673711131725,626100
2018-03-08,92.94036102294922,94.1988966778264,92.40668025894831,94.063480152009,659500
2018-03-09,95.47334289550781,95.83178368244828,93.10761668576026,93.64129735151485,1245400
2018-03-12,95.63265228271484,96.4610551475391,95.14676208241292,95.47334661056942,705900
2018-03-13,95.76808166503906,97.15406064584114,95.5211499397549,95.94331549711075,493700
2018-03-14,94.90330505371094,96.36865458915233,94.55898804990454,96.36865458915233,539100
2018-03-15,94.15860748291016,95.31967913973548,93.63813361547761,95.07145276547473,575300
2018-03-16,94.895263671875,95.55186721460173,93.40589361730136,94.21463901683794,2864600
2018-03-19,93.41392517089844,95.27163364926021,92.85340594252573,94.72713257237135,1034000
2018-03-20,93.29379272460938,94.21464073783731,92.42098693687966,93.806263493702,714400
2018-03-21,94.2066421508789,95.3356773397047,92.67723263817587,93.29380310999537,558500
2018-03-22,90.46719360351562,93.56603930283093,90.41114230456282,93.12563798509692,646000
2018-03-23,87.4404067993164,90.73944275392532,87.31229216032521,90.73944275392532,742500
2018-03-26,91.55619812011719,91.68431887800789,87.56052514769428,87.56052514769428,1142300
2018-03-27,89.93870544433594,92.108700192155,89.49829801378098,92.108700192155,661400
2018-03-28,89.02586364746094,90.5872970163282,88.7856403095737,90.17892589470645,721500
2018-03-29,90.24299621582031,91.15583528762019,89.24207564506307,89.72252240633402,676200
2018-04-02,88.02496337890625,90.35510340893795,86.44751150200828,89.61042433133368,974000
2018-04-03,89.6024169921875,89.87466447411848,87.84079299878177,88.26518848218232,693900
2018-04-04,89.93870544433594,90.23498008935778,87.80074088320575,88.20110905311627,574700
2018-04-05,90.61133575439453,91.58822905010665,90.46720295516913,90.69140817415663,750600
2018-04-06,88.19310760498047,89.97875248520003,87.61657641299685,89.61041447012917,594300
2018-04-09,88.91378784179688,90.34710700901209,88.305226349155,88.7696550174642,716100
2018-04-10,91.1238021850586,91.76438762145114,89.69048333652216,90.09885449038978,502600
2018-04-11,90.22698974609375,90.89960547879119,89.35418377774906,90.38713460364988,348600
2018-04-12,90.77949523925781,91.26794497165427,90.36310885632916,90.69941670544772,576200
2018-04-13,90.91563415527344,91.50817752779118,90.46722361489627,91.45212621024403,350200
2018-04-16,91.21988677978516,92.22080725298979,90.96365138301012,91.70032738509663,544700
2018-04-17,92.81336975097656,93.02956591586924,91.28396011836323,91.78041894285683,614000
2018-04-18,93.02955627441406,93.9744254817288,92.6211789951242,93.34985205995251,507200
2018-04-19,93.03756713867188,93.52601684645835,92.31690313463166,92.95748860889644,524200
2018-04-20,92.98954010009766,93.6221227535979,92.52511751033897,93.21375148204125,672300
2018-04-23,93.93439483642578,94.04649745527996,93.12565538742562,93.12565538742562,886000
2018-04-24,91.28396606445312,94.98337109898536,90.13090348555788,94.59100579363988,998100
2018-04-25,94.41483306884766,94.76715293516104,90.17893672535473,91.95656642451034,1513800
2018-04-26,93.8463134765625,95.04741820250383,93.45395430997934,94.67107718671524,1023900
2018-04-27,93.12565612792969,94.1105585884279,92.58915803727919,93.70218126842069,953300
2018-04-30,92.63720703125,93.73421211919593,92.3089021360225,93.19772013391328,923900
2018-05-01,93.14968872070312,93.30983359460166,90.8916117875759,92.29290081616176,887000
2018-05-02,89.75455474853516,93.02957033419744,89.61843100457715,92.92547678454748,1086700
2018-05-03,91.02771759033203,91.6442819533017,89.17000931743277,89.45026584605534,1372700
2018-05-04,91.40406799316406,92.19679537681252,90.03480938172241,90.51525003517196,591300
2018-05-07,91.3640365600586,91.8364742880034,90.40315517077423,91.54820864939111,591900
2018-05-08,91.0917739868164,91.76438962609228,90.62734541162085,91.52417237312257,637300
2018-05-09,92.44503021240234,92.78934716566427,90.97968700120384,91.4841488172753,614700
2018-05-10,93.0535888671875,93.28580318761765,92.11672861896342,92.50908779734932,318200
2018-05-11,93.38188934326172,94.03849300438475,92.85340034060603,93.18970819185904,477900
2018-05-14,93.46195983886719,93.95841253023842,92.973510113455,93.67815599331364,324700
2018-05-15,92.02864837646484,93.04558106761341,91.5882408473445,93.0215599495041,687500
2018-05-16,95.31968688964844,95.5278801190295,92.10072229288285,92.25286420386927,815200
2018-05-17,96.35260772705078,96.60884311805047,95.13548503795204,95.13548503795204,945700
2018-05-18,97.03325653076172,97.44963685370881,95.8241426152818,96.26455016668892,751200
2018-05-21,97.9300765991211,98.0261610694765,96.8971257788577,97.37756645803877,523800
2018-05-22,98.3304214477539,99.25927239189028,97.78592051183493,97.93005329219976,988600
2018-05-23,98.03416442871094,98.41852061512492,97.09730424256564,98.18630631008189,838400
2018-05-24,97.58573913574219,98.37846639512895,97.28946449314171,98.02614045356444,596500
2018-05-25,95.98430633544922,97.47367702267228,95.61596820225176,97.2494656245584,1014100
2018-05-29,94.6791000366211,95.74408125013903,93.88637246157604,95.32770087905415,584800
2018-05-30,94.82321166992188,95.63195721823898,94.71110905242855,95.05542598019647,607000
2018-05-31,94.08654022216797,95.19155441016959,94.05451002857063,95.19155441016959,962300
2018-06-01,96.12039184570312,96.42466945833434,94.52692822542005,94.96732955087575,619900
2018-06-04,96.40868377685547,97.37757428870597,96.2885720701177,96.72097054889261,774800
2018-06-05,96.96916961669922,97.80994521791207,96.4807199602435,96.55278940764086,361200
2018-06-06,98.51460266113281,98.57065396724052,96.23250504227045,97.33751912373691,596300
2018-06-07,98.49860382080078,98.89096301613698,97.87403029500257,98.46657362599896,630300
2018-06-08,98.20230865478516,98.76282167427959,97.3375119025934,98.51459535266544,735200
2018-06-11,99.11515808105469,99.50751723605428,98.03416508144839,98.31442162073382,678700
2018-06-12,98.97904205322266,99.85184193052402,98.67476437390505,99.35538919632869,786600
2018-06-13,96.68091583251953,98.89095011239044,96.21649334133046,98.89095011239044,838800
2018-06-14,97.34989929199219,97.84156594695126,97.12421744696883,97.22094087313701,820300
2018-06-15,95.93938446044922,96.3423895240649,94.15810281719224,95.96356378036708,1111800
2018-06-18,95.97163391113281,96.1973157823944,94.66589517821537,95.10920324631475,1039600
2018-06-19,94.0775146484375,95.08502743185656,93.76317115196035,94.93188352097846,965500
2018-06-20,94.15811920166016,94.74650940264738,93.64227312241917,94.72232392915174,521900
2018-06-21,91.99797821044922,94.3918288241547,91.86901981190209,94.06942360373475,898700
2018-06-22,92.91685485839844,93.75510620419921,92.39294699860174,92.7798346002674,1148000
2018-06-25,92.62670135498047,92.9410448771626,91.83681471183529,92.84432757764226,780300
2018-06-26,92.38490295410156,92.80402560507865,91.83681570321117,92.6911846548398,487300
2018-06-27,90.90181732177734,93.08610393629485,90.8534586839863,92.57831979138196,547100
2018-06-28,90.33760833740234,90.94211587796414,89.39457804997444,90.91793656024066,421200
2018-06-29,90.1038818359375,91.44991740663745,90.1038818359375,90.5713692321445,410600
2018-07-02,90.57138061523438,90.6116774410527,88.86263654677467,89.52356475402756,653800
2018-07-03,90.93407440185547,91.74814646044835,90.53913110881084,91.02273601959183,546700
2018-07-05,90.85345458984375,91.62722350647688,89.78145973841056,91.62722350647688,577300
2018-07-06,91.3048324584961,91.70783754960836,90.31344337800694,90.70032482182769,481400
2018-07-09,92.17533874511719,92.36071767116385,91.4741075677179,91.82875406884452,864200
2018-07-10,92.1592025756836,92.53802835053841,91.25647509453486,92.07860278620528,1142700
2018-07-11,91.86905670166016,92.48162010212626,91.40963107662529,91.87711237711352,546900
2018-07-12,92.53801727294922,93.63419149686823,92.48965863492512,92.52189977673086,489400
2018-07-13,92.55415344238281,93.01357901388536,92.34458906697309,92.34458906697309,286600
2018-07-16,92.11890411376953,93.23925777084808,92.0866629686789,92.69117060304659,468000
2018-07-17,92.42517852783203,92.79594244327559,91.23228699977346,91.86097390636773,635700
2018-07-18,92.86849212646484,93.31985585073252,92.41712840219716,92.54608683082957,669500
2018-07-19,93.73091888427734,93.85182163381714,92.45742140128074,92.72340622039445,556400
2018-07-20,93.25537109375,93.9404846348572,92.69922827660109,93.10223334813739,513700
2018-07-23,93.36016082763672,93.90018617355868,93.0135762035106,93.31985785880148,754200
2018-07-24,93.81958770751953,94.0936282214784,93.09417730384935,93.64226448113685,551100
2018-07-25,93.77122497558594,93.92436888344089,92.4493687217839,93.65032836345823,779900
2018-07-26,89.48324584960938,92.48966647202616,88.16138967041189,92.48966647202616,1790100
2018-07-27,88.13720703125,89.99909462464734,87.55687875015832,89.34622223373455,1065300
2018-07-30,89.5718994140625,90.00714560217153,88.21780221195742,88.37094609741308,700700
2018-07-31,90.99854278564453,91.17586599401011,89.84594808063741,89.9749065007593,959000
2018-08-01,90.19255828857422,91.43381495027351,90.04747618137895,91.0711066075999,679600
2018-08-02,89.29786682128906,89.42682524987684,87.96794882060956,89.30592864475378,719400
2018-08-03,89.78147888183594,89.94267846782593,88.82232474189635,89.53967335348091,428100
2018-08-06,89.39459228515625,90.17641699664411,89.18502791590059,89.50743321874707,672700
2018-08-07,90.43434143066406,90.56330601357783,89.1608499959244,89.60415191360846,625800
2018-08-08,89.24951171875,90.61972659235481,89.12860895946257,90.61972659235481,433500
2018-08-09,89.91849517822266,90.7567465170063,89.32204935712709,89.32204935712709,674100
2018-08-10,89.11248779296875,89.58803701957432,88.83038544635696,89.58803701957432,499000
2018-08-13,88.70948028564453,89.60415209597792,88.32259883485537,89.40264954679238,495700
2018-08-14,89.80564880371094,90.30537730695912,88.95128001853541,88.95128001853541,613500
2018-08-15,87.43597412109375,88.99962945782887,86.55741995695118,88.99962945782887,754700
2018-08-16,88.85455322265625,88.91903550760824,87.41985620400476,87.83898490682355,702700
2018-08-17,89.95881652832031,90.23285709828127,88.82233897209501,88.8868212765697,648300
2018-08-20,90.48271179199219,90.51495293970466,89.58803992842414,90.27314740654622,675200
2018-08-21,90.45046997070312,90.79705461931852,90.32150538081363,90.45853179491375,633000
2018-08-22,89.25756072998047,90.77286372110683,89.12860230590529,90.59554050730529,526000
2018-08-23,88.74980926513672,89.24147612119184,88.4757625202572,89.12863515252721,636200
2018-08-24,89.17695617675781,89.31397641668728,88.427366544468,89.20919731839457,647500
2018-08-27,90.80510711669922,91.44991155180682,89.4671273061886,89.4993684503494,947500
2018-08-28,89.9265365600586,91.32093658293078,89.57189018789884,90.98240770524721,531500
2018-08-29,90.89376831054688,91.06303586541185,89.76535894057946,89.89431737598865,607200
2018-08-30,89.76535034179688,90.68420139753475,89.41876574011545,90.43433407580304,458200
2018-08-31,88.59662628173828,89.8137032211194,88.39512376227506,89.27367794480651,786800
2018-09-04,88.05659484863281,88.68528168150213,87.58105188764598,88.45959985938171,533100
2018-09-05,90.0716323852539,90.27313491855425,87.75838108919301,87.96794544564877,767500
2018-09-06,89.91849517822266,90.99049021093953,89.47519326162084,90.26507980724503,584900
2018-09-07,90.20060729980469,90.32956573823002,89.29787363334736,89.7250580690219,634300
2018-09-10,91.24034118652344,91.65946988366889,90.28119334566453,90.53911633261208,491400
2018-09-11,90.78898620605469,91.2484117627953,89.878196916199,90.92600646084038,662700
2018-09-12,90.99049377441406,91.38543706269338,90.63584730774774,90.87765283490569,638800
2018-09-13,92.33788299560547,92.75184055728188,91.38008826926905,91.72911531851126,500100
2018-09-14,92.90605926513672,93.4823585622521,92.1349560545736,92.38657803413962,551900
2018-09-17,93.6365966796875,94.26971414433076,93.0927656464894,93.0927656464894,565100
2018-09-18,94.52132415771484,94.85412012222925,93.84762597789425,94.00184290949646,578000
2018-09-19,95.60089111328125,96.13660973180426,94.95965497567316,94.9677736133585,691600
2018-09-20,95.90933227539062,96.49374411056993,95.65770406228658,96.29082152826017,822900
2018-09-21,94.71614837646484,96.14471892547088,94.19666705087977,96.14471892547088,1072300
2018-09-24,94.06681060791016,94.39960668207803,92.63823360825322,94.23726486807894,978600
2018-09-25,91.74534606933594,94.54568108954696,91.63982856839195,94.54568108954696,648400
2018-09-26,90.56027221679688,91.91579331740557,90.1381960522659,91.6804024244674,824700
2018-09-27,89.72425842285156,91.15283527456145,89.64309062061146,90.771339792056,458600
2018-09-28,89.03431701660156,90.22750282921731,88.88009386749434,89.74860229958719,614700
2018-10-01,89.26969909667969,89.70800639524246,88.74209917981776,89.55378945415754,692500
2018-10-02,89.19664764404297,89.78918429495779,88.88820755570842,89.52944364354302,975300
2018-10-03,85.99048614501953,89.67556144073659,85.64145901237413,89.6674428024779,1067300
2018-10-04,86.65606689453125,87.07002453049893,85.83625787495926,86.12846690782241,1088300
2018-10-05,85.73885345458984,87.78431670025397,85.6008675748801,86.70476699797047,916900
2018-10-08,82.2891616821289,85.7144957929711,81.76156793297444,85.23560148091875,1133100
2018-10-09,75.600830078125,80.2355807047118,75.13816687911947,80.2355807047118,3136500
2018-10-10,72.19987487792969,75.71449658843142,72.18364379106171,75.48722421603358,2555100
2018-10-11,71.7209701538086,73.53915506578548,71.59921534522697,72.24045155723057,3607400
2018-10-12,71.46930694580078,72.88976444517908,70.60079889388903,72.88976444517908,1888500
2018-10-15,71.70469665527344,71.95632478395524,71.12028501616655,71.1689844379162,2104500
2018-10-16,73.40116882324219,73.71772760842343,71.4449918347412,72.24045121334201,2135700
2018-10-17,73.79077911376953,73.83135991917814,72.60570565003918,73.46610170696833,1457900
2018-10-18,72.28914642333984,74.001813695475,71.50180572946554,73.1008368388463,1214400
2018-10-19,71.36380004882812,73.16575326222538,71.25828255345705,72.41899977335768,899000
2018-10-22,70.43850708007812,71.60734348928678,69.45636222783772,71.46935757784065,2304100
2018-10-23,70.62517547607422,71.09595114854484,68.18198591354785,69.48068916859812,1195800
2018-10-24,67.9384765625,71.32322986626879,67.80860933292993,70.76316156993977,1398800
2018-10-25,72.25667572021484,74.89466948505721,68.99368308049286,68.99368308049286,3145600
2018-10-26,73.36870574951172,74.25345163823339,69.99207639997834,71.15279409353515,1648100
2018-10-29,72.51640319824219,74.61056550742079,71.32322374518958,74.19660794303125,1638300
2018-10-30,75.4547348022461,75.88492970038739,72.56511911457551,72.70310498894047,1493700
2018-10-31,74.52129364013672,77.06188855539385,74.43200720072285,76.16902416125514,1463300
2018-11-01,77.80863952636719,78.12519827591285,74.95148595007554,75.34110005328117,1115000
2018-11-02,77.0294189453125,78.44987712220238,76.33948335507866,78.4417584843767,1189000
2018-11-05,78.27943420410156,78.58787436631272,76.70475264433985,77.32975160776186,880800
2018-11-06,78.38491821289062,79.4238806230061,77.93848614946393,77.94660478499108,1218100
2018-11-07,80.08949279785156,80.17066060186028,77.75994523999825,78.96936224003566,1154100
2018-11-08,79.22909545898438,80.46286206463762,78.49045426891719,79.79727622618536,963600
2018-11-09,77.9222640991211,79.39954010829206,77.01316878859082,78.95310799314211,664800
2018-11-12,77.02128601074219,77.97908073708109,76.7371956666385,77.97908073708109,635500
2018-11-13,77.46772003173828,78.57161927556311,76.85895233960129,77.24856019465405,751900
2018-11-14,77.38656616210938,79.54566577713076,77.19176218396002,78.14955718286232,639300
2018-11-15,78.01154327392578,78.31998331128644,75.97419919917088,76.38816292269263,572500
2018-11-16,78.77455139160156,79.28591408562924,77.50019778257827,77.61383393680664,545700
2018-11-19,78.60409545898438,79.33461805841303,77.93039713262279,78.57163329252649,743200
2018-11-20,77.38656616210938,78.94501656542462,75.93364567555807,77.76806167248586,808100
2018-11-21,77.73558807373047,78.23071972072992,77.18363834556911,77.8573428741364,638700
2018-11-23,77.59760284423828,78.01968533017737,75.83623612065904,76.97260394618664,278900
2018-11-26,78.5472640991211,79.42389107022954,78.29564209902163,78.29564209902163,762500
2018-11-27,77.45960998535156,78.33623704549446,77.25668739880214,77.95474159194862,659100
2018-11-28,78.41740417480469,78.5635086835862,75.92551508087415,77.86545449637516,667700
2018-11-29,78.32811737060547,79.06675854836074,77.65441290593532,78.42552244023317,648500
2018-11-30,79.39954376220703,79.6998713982838,78.05214110369316,78.05214110369316,865600
2018-12-03,79.5781478881836,82.2161423620865,78.86386238308626,81.16906073547395,1030000
2018-12-04,77.89791870117188,79.69175351228134,77.13492784123459,79.01804908032419,826700
2018-12-06,77.3946762084961,77.45149428717791,75.57649149797176,76.41253159544972,925700
2018-12-07,75.44660949707031,78.55538477418571,75.11381970050034,77.36219906466533,714400
2018-12-10,75.08133697509766,75.79562205964939,73.48230642922776,75.32484649101751,519300
2018-12-11,75.600830078125,76.84271518110276,75.37355779688792,76.28265311454145,1068900
2018-12-12,75.86871337890625,77.73559784657678,75.82001392970399,77.10248023611864,704600
2018-12-13,75.69009399414062,76.46931566639826,75.20308122306753,75.88489786402918,880600
2018-12-14,76.49237060546875,77.08996373766438,75.23168655489687,75.3544816320493,783700
2018-12-17,71.00758361816406,75.3299258369587,70.328129108959,75.28899830385497,1903200
2018-12-18,71.04850006103516,72.64481711178675,70.75379441387852,71.47418252603018,1520100
2018-12-19,70.16439819335938,72.71851226889218,69.80420093709232,71.08944285667899,1011800
2018-12-20,69.11656951904297,70.81112450298919,68.42892066921137,69.80421212325601,867500
2018-12-21,66.09583282470703,70.45910901125319,66.03852927938507,68.83004572657039,2645100
2018-12-24,63.81185531616211,66.55425574149811,63.770927788474914,66.06307544431637,890400
2018-12-26,67.65121459960938,67.74126390928923,63.803677032917804,64.278475102773,1354400
2018-12-27,68.99375915527344,69.01013516353443,66.29229863460758,66.61974385242125,1032400
2018-12-28,67.3892593383789,69.67322551850279,67.21734871135251,69.18205140619628,853600
2018-12-31,68.32247161865234,68.60080748804958,67.29100191895925,67.61845331123183,712700
2019-01-02,69.21479797363281,69.64866854857353,67.02088108425714,67.02088108425714,974500
2019-01-03,67.85588836669922,69.57500120394693,67.56118259510032,68.74819368782337,846700
2019-01-04,70.54096221923828,71.10581584793387,69.05106396648551,69.05925197076704,799900
2019-01-07,71.2367935180664,71.95718800841485,69.91881211178799,70.4263559620418,1179200
2019-01-08,73.07052612304688,73.17694520745721,71.36778329877379,71.85895743195542,1152400
2019-01-09,71.4005355834961,72.341956401203,70.00886812604547,72.341956401203,1296100
2019-01-10,74.38850402832031,74.63408793951689,71.11400191409568,71.11400191409568,1147300
2019-01-11,74.59317016601562,74.85513011958895,73.86459384996425,74.06106225373976,599900
2019-01-14,72.99683380126953,74.33937911178455,72.824923197003,74.13472273828388,893600
2019-01-15,73.46345520019531,73.8973257429397,72.87404380415867,72.87404380415867,441500
2019-01-16,73.06232452392578,74.2002134482345,72.82492238384181,73.3488421945041,982800
2019-01-17,73.86458587646484,74.2902684129634,72.47291869876899,72.50566447013308,690800
2019-01-18,75.23170471191406,75.8211162280053,74.30665365364143,74.3148416595923,1032600
2019-01-22,75.54277038574219,75.92752542222102,74.5767919149124,75.051596268253,1206000
2019-01-23,75.16621398925781,76.39415257952817,74.37214603491734,76.20586591428118,745900
2019-01-24,75.57552337646484,75.73924601605609,74.65866035614617,75.1498407661566,692600
2019-01-25,77.1636734008789,77.93317744319542,76.46784268623992,76.57426179698064,766100
2019-01-28,76.47599029541016,76.91804880092091,75.63280705634244,76.54148183228955,552900
2019-01-29,76.88531494140625,77.14727488388259,76.01757380300673,76.74615008819457,1099200
2019-01-30,76.06668853759766,77.35193046768445,73.52895045059019,74.82238038537292,1589800
2019-01-31,77.2127914428711,77.8185728350284,75.19078455424881,75.91936107544845,1543300
2019-02-01,77.91677856445312,78.12143494792294,76.68884026363423,77.65481864343644,998000
2019-02-04,76.9017105102539,78.12964922398058,76.59062870558014,77.91680476482789,1170700
2019-02-05,78.58805084228516,78.62898461701238,76.89349624582307,77.35192454380558,1002700
2019-02-06,78.62080383300781,79.30026458392746,78.30972835161197,78.30972835161197,838300
2019-02-07,77.63845825195312,78.35885286386704,76.61517612877395,77.96590978049414,633600
2019-02-08,77.89222717285156,77.91678494157914,76.394140824293,77.21276642517296,690900
2019-02-11,76.88531494140625,78.36703152612903,76.4514443722065,78.08869557408798,874400
2019-02-12,79.5704116821289,79.7750680972019,77.4010586788498,77.52384753139907,886800
2019-02-13,80.01244354248047,80.79832316419136,79.89783648799865,79.89783648799865,737000
2019-02-14,79.70137786865234,80.38083852142405,79.53765526959216,79.63588633078155,656700
2019-02-15,80.6100845336914,80.88023255001943,80.08616451478696,80.37268229924732,574500
2019-02-19,80.58549499511719,80.92112819730067,79.77505126557747,80.33990485059907,862000
2019-02-20,82.45196533203125,82.63206395000753,80.17618733167754,80.43814725447471,893700
2019-02-21,80.42996978759766,82.16545840700952,80.15164006561865,82.026287300402,1026900
2019-02-22,80.46270751953125,81.45324370353737,80.06976450032694,81.02756115788199,523800
2019-02-25,81.46144104003906,82.1900173765792,80.6591851464999,81.08487398653884,776500
2019-02-26,81.52690887451172,82.50926320172805,81.21583343931577,81.42048981011708,685000
2019-02-27,81.08488464355469,81.59242862142258,80.62644996744373,81.4860095202352,503400
2019-02-28,78.25240325927734,80.98661549223652,78.12142643584876,80.97024573141414,1091800
2019-03-01,78.73540496826172,79.60314604516371,78.43251126895761,78.80089651064378,786900
2019-03-04,80.50363159179688,80.54456536652822,78.78451922857177,79.2838813013319,1321100
2019-03-05,81.10942840576172,81.53511098259442,80.2826147759241,80.30717254536974,1068300
2019-03-06,81.08488464355469,81.73978150916915,80.86385218912537,81.28954108511276,1010600
2019-03-07,79.93060302734375,81.0275645782826,78.94825480629144,80.86383571102876,733200
2019-03-08,79.73413848876953,79.81599980354702,78.68629867013466,79.24296435448669,617700
2019-03-11,80.05339813232422,80.55276024771695,79.73413464813774,79.79962619505233,1165900
2019-03-12,81.20764923095703,81.65789576600892,80.05339049341403,80.10250602610438,1284200
2019-03-13,82.73030090332031,83.3688278702148,81.54329628492597,81.6333456003206,1139400
2019-03-14,81.47620391845703,83.15935865858205,81.04716743716699,82.91183349583594,754600
2019-03-15,79.35575866699219,81.22043098494332,79.06698351251057,80.87389450473911,2393400
2019-03-18,80.49434661865234,80.52735038700102,79.0999736011654,79.24848741132186,1171800
2019-03-19,81.10490417480469,81.90522192486452,80.67586149546491,80.90688157134404,828600
2019-03-20,79.603271484375,81.28641963665646,79.18248129889199,81.18741462465478,896300
2019-03-21,81.07190704345703,81.36893467813533,79.12472868048836,79.41350379897408,739600
2019-03-22,78.4894027709961,80.72535584354348,78.365646524867,80.72535584354348,598100
2019-03-25,78.53892517089844,78.93495781677159,77.48282972213616,78.38215883887655,676200
2019-03-26,80.8243637084961,80.8986237478494,79.19071838061193,79.19071838061193,838900
2019-03-27,81.32769012451172,81.86399044753905,80.56862219075143,80.67587973742634,699300
2019-03-28,82.0867691040039,82.15277666229812,81.02242083211186,81.60823004343895,593900
2019-03-29,81.99597930908203,82.89531464032,80.96463520595239,82.50752825037128,883700
2019-04-01,84.73524475097656,84.88375858123507,82.43328982420874,82.43328982420874,954500
2019-04-02,83.794677734375,84.98278863842198,83.18412353971858,84.90853485433274,997500
2019-04-03,84.77648162841797,85.0322529406416,84.15767519317404,84.38869525515985,785900
2019-04-04,83.59662628173828,84.75173292115076,83.0025710789076,84.52895907267687,949700
2019-04-05,84.32270050048828,84.95801206203072,83.15109498300616,83.5553801527351,1129100
2019-04-08,83.8771743774414,84.31446336455055,83.13460520365881,84.2979583302297,717900
2019-04-09,83.1923599243164,83.95968035189651,82.5157983006843,83.62964890979706,584200
2019-04-10,83.73689270019531,83.98441781482282,82.7385523155613,83.2913512707609,602700
2019-04-11,83.75341033935547,84.77650213049579,83.1428499766518,83.69565530989173,793400
2019-04-12,85.2550277709961,85.64281414875076,84.46295628007844,84.47945501548678,682300
2019-04-15,83.75341033935547,85.39530871538992,83.22536255716523,84.98277099212717,606500
2019-04-16,80.8078842163086,81.24517315774831,76.41848347448868,79.16597968830304,2525700
2019-04-17,78.67920684814453,81.09667851971064,78.40693039932286,80.83265458913944,1124800
2019-04-18,79.5455093383789,80.28807204118915,78.81118656112204,79.00095664183836,1038800
2019-04-22,80.56036376953125,81.41019044774737,79.66103458029698,80.0653197748722,1001100
2019-04-23,81.28640747070312,81.79795637050883,79.97454089942265,80.64284980971087,988900
2019-04-24,81.52568817138672,82.00423335492808,81.1049043017305,81.4596869316215,804400
2019-04-25,80.8078842163086,82.43328371171705,77.64784402029905,80.85738672444877,1400300
2019-04-26,81.84748077392578,82.08675340586376,79.3144994359406,80.3871000212038,529700
2019-04-29,81.60820770263672,82.32601924439199,81.03890368414766,82.1032516646672,648600
2019-04-30,81.81446075439453,81.94646951453952,80.09005029409803,81.81446075439453,695200
2019-05-01,80.42835998535156,82.08675715602504,80.04881972781672,81.80623451634642,636000
2019-05-02,81.63296508789062,81.78972513916531,79.90855416526121,80.30459314152701,596700
2019-05-03,83.0025863647461,83.34911653193974,82.11975591318554,82.11975591318554,448600
2019-05-06,82.45803833007812,82.68905843725867,81.0554063588986,81.58345411669006,593700
2019-05-07,81.74845886230469,81.95472767879528,80.77486979667617,81.55043626619994,717700
2019-05-08,81.22866821289062,82.09499987523286,80.72537173016998,81.55869962210792,497000
2019-05-09,80.8078842163086,81.0389043140635,79.6527774327085,80.42009778300904,615400
2019-05-10,80.77486419677734,81.19565431579683,79.388737594264,80.42008160521665,573300
2019-05-13,79.43000793457031,79.80954816731693,78.47292372042803,79.32275039607943,675500
2019-05-14,80.18083190917969,80.92340106783257,79.75179544797251,79.80129796027401,461000
2019-05-15,80.05706787109375,80.76663324364107,79.44651381616676,80.18083044441265,497400
2019-05-16,80.27983093261719,81.57519892965315,80.21382339644113,80.43659096250394,494200
2019-05-17,79.9002914428711,80.5108517155794,78.72043977128044,79.50425881201588,494700
2019-05-20,76.22871398925781,78.2171486800863,75.67591499443954,77.23530696180786,1017000
2019-05-21,78.03563690185547,78.27490953568055,76.53399984753942,76.53399984753942,671600
2019-05-22,75.98118591308594,79.31449108040756,75.94818843855262,78.26664815627748,1010300
2019-05-23,74.36405944824219,75.59342658957601,73.91027165803638,75.59342658957601,827300
2019-05-24,75.09010314941406,75.70890961068368,74.28977911900006,75.11485440069288,434100
2019-05-28,73.99275970458984,75.41189035336329,73.86074462338973,74.97460141283264,774500
2019-05-29,73.283203125,74.01751979103048,72.48287891049286,73.66273708650132,1293400
2019-05-30,73.74522399902344,73.8854915763893,72.90365000895143,73.55546021554404,610300
2019-05-31,73.49771118164062,73.52246243412426,72.49111828180497,72.69738711226883,789700
2019-06-03,74.90858459472656,75.78316236747051,72.49936631463865,73.1676752696732,1407100
2019-06-04,77.22705078125,77.24355581319837,74.10826699449028,74.74357223834583,1573100
2019-06-05,78.00260925292969,78.23362929906133,76.4432176467169,77.83759043796125,807700
2019-06-06,79.0174560546875,79.64451502415659,77.85410319410875,78.26664083023911,863800
2019-06-07,78.95970153808594,80.09005693438736,78.34914759529256,79.57026177570413,710700
2019-06-10,78.13462829589844,79.90854144768002,77.573576840796,79.47125254639025,916900
2019-06-11,78.7534408569336,79.7435350691336,78.34915569173529,78.92671222255832,686300
2019-06-12,78.8359375,79.14946380836028,78.23362983716473,78.71217496162846,429100
2019-06-13,80.09219360351562,80.49985555629195,79.45159193777356,79.53478605254078,929700
2019-06-14,79.3018569946289,80.2086901777381,78.37006620646902,80.2086901777381,485000
2019-06-17,77.70450592041016,79.52648088888466,77.70450592041016,79.31017741601897,1061800
2019-06-18,79.02730560302734,79.80934436368865,78.07887858777237,78.3284673169679,772600
2019-06-19,78.58635711669922,79.51814768061685,78.39501129248916,79.20200116657668,701700
2019-06-20,78.70285034179688,79.81767204788294,77.81265977936727,79.5930409042265,948600
2019-06-21,79.3101577758789,80.19202677828493,78.46988265535207,79.06056909538854,1172500
2019-06-24,76.73111724853516,78.76940193086996,76.40664936154914,78.28686710615798,883000
2019-06-25,76.91414642333984,77.68786391395356,76.04059851284397,76.66456402632906,1014900
2019-06-26,76.87255096435547,77.57971059576735,76.8143144381758,76.95574509499711,1287100
2019-06-27,78.1703872680664,78.2868603056648,76.76438315337995,76.91413510847853,925900
2019-06-28,79.3018569946289,80.1005320927779,78.17039901875815,78.19535662380882,3026300
2019-07-01,81.24031829833984,81.33183375618246,80.11718154436034,80.62467404792173,1502000
2019-07-02,81.17372131347656,82.94578038889124,80.41664675585635,82.3467790635743,4854100
2019-07-03,83.17876434326172,83.27859476174298,80.94912735247013,81.02400016633108,1129600
2019-07-05,83.02069091796875,83.16212157546094,81.79771751508905,82.56311367631126,1505400
2019-07-08,82.7710952758789,83.74448620448587,82.40503986038094,82.69622246838097,1813500
2019-07-09,82.9041976928711,83.1704226557927,82.36342645175739,82.65460901318667,1793100
2019-07-10,83.23700714111328,84.24367080291137,82.84598771312027,83.46163194692532,1332100
2019-07-11,82.32183074951172,83.28690026023573,81.9973692564624,83.14546962937918,2111500
2019-07-12,82.65460968017578,82.69620990956014,81.25692702673265,81.59803113523367,981300
2019-07-15,80.79936218261719,81.80602560417874,80.13379654733973,81.80602560417874,1439600
2019-07-16,81.9225082397461,82.65462544651353,81.02399643100534,81.348457970722,1891100
2019-07-17,81.5231704711914,82.79605907231924,80.51650689548046,82.79605907231924,1121200
2019-07-18,81.8143310546875,82.08887732334705,80.79935278256141,81.08221401889895,794400
2019-07-19,83.11219024658203,83.46160933754727,81.66459233593739,82.15544205696416,890100
2019-07-22,82.74612426757812,83.27857419231668,82.07224372005359,83.27857419231668,760300
2019-07-23,84.24365234375,84.66794425590409,83.12883083498345,83.27858278848032,928000
2019-07-24,85.05894470214844,85.60803719208941,83.87757196884291,83.87757196884291,952500
2019-07-25,84.85098266601562,86.67296387090302,84.27693874935774,84.87594026926531,1181700
2019-07-26,84.86763763427734,85.19209921829017,84.00240462780783,84.5182120960816,836900
2019-07-29,84.87592315673828,85.0173601254786,84.17708501742541,84.60138322903893,656700
2019-07-30,85.72452545166016,85.97410779823686,83.55312539573086,84.5348311924625,755000
2019-07-31,84.00238037109375,85.66628805368313,83.46160910479138,85.66628805368313,1319800
2019-08-01,83.261962890625,85.25865388112382,82.46328776388661,84.16878975888956,766100
2019-08-02,84.2353286743164,84.6346693215863,81.83930383260983,83.17875006054874,1092000
2019-08-05,82.86260986328125,83.51985422731592,82.38839637876318,83.04564074279783,1670900
2019-08-06,83.32017517089844,83.71119447636895,82.67956718401581,83.42000556562022,905900
2019-08-07,83.61137390136719,83.61969521830429,81.90586572565111,82.34680666104632,706500
2019-08-08,84.95913696289062,85.94915781580542,84.0107099977729,84.0273462834308,1259500
2019-08-09,84.135498046875,84.7178696020425,83.00404020248041,84.7012269690723,532200
2019-08-12,82.9041976928711,83.79438800769996,82.72948815601352,83.68622995109494,798900
2019-08-13,84.44332122802734,85.67461579835347,82.54646734310442,83.31186341117778,857900
2019-08-14,82.82931518554688,84.15212497845616,82.3800593887458,83.14546167994588,1015600
2019-08-15,83.18707275390625,83.48657668034464,82.37176144650549,83.07059970999185,673600
2019-08-16,84.26029968261719,85.05897475694232,83.65297682014847,83.81104376318957,863500
2019-08-19,85.25862121582031,85.5165248415054,84.43498245139452,85.15046316842727,577500
2019-08-20,83.90255737304688,85.25864641883517,83.71121151268622,85.12553073571026,773700
2019-08-21,84.2353286743164,84.73449972292558,83.95246740744945,84.31020147532087,678500
2019-08-22,84.12718200683594,84.72618349273948,83.57808937729355,84.40172197430249,445200
2019-08-23,81.6063461303711,84.01901344747712,81.21533317162589,83.536485061899,690600
2019-08-26,82.27191925048828,82.74613271145317,81.63963252010028,82.3634346857012,574700
2019-08-27,81.24862670898438,83.02900767403712,80.84928601572074,82.62966698077348,921000
2019-08-28,81.94744873046875,82.36342562757773,80.41665679581351,80.89087020462559,539000
2019-08-29,83.261962890625,83.59474578025909,82.65463364099487,82.84598586540882,519700
2019-08-30,83.67790985107422,84.71785204047222,83.36176336322305,83.86094069197681,617600
2019-09-03,81.94744873046875,82.8875542329057,81.52315051817256,82.72948732817083,476900
2019-09-04,83.3118667602539,83.32850939348796,82.34680349373713,82.77109543163351,607300
2019-09-05,83.6363296508789,84.335174270087,83.4283411631975,83.99407010358313,848300
2019-09-06,83.70287322998047,84.09389253577304,83.02067136050317,83.84430385415537,840200
2019-09-09,83.62799835205078,84.86761416072744,83.35345840503292,84.31020025632404,898200
2019-09-10,86.68960571289062,86.79776379697736,83.66961492734399,83.66961492734399,1011600
2019-09-11,89.92588806152344,90.37514389951082,86.72286702765663,86.72286702765663,1341800
2019-09-12,89.69963073730469,90.55447524476737,88.8950753381879,90.4119968974983,788000
2019-09-13,90.82266235351562,91.66074171174819,89.95943524354412,90.26114432403088,791000
2019-09-16,88.72744750976562,90.12703824399071,88.5430690620882,90.12703824399071,603400
2019-09-17,88.01507568359375,88.24136065060162,86.31377591299227,87.57089472603222,772200
2019-09-18,87.73014068603516,88.27489350553505,86.79987215886824,87.77204720831882,621600
2019-09-19,86.59870910644531,88.1156301292119,86.37242418402198,87.88096902005857,680400
2019-09-20,86.18807220458984,87.37814967091077,85.84446301624332,86.81663168004002,960100
2019-09-23,86.93394470214844,87.26079502776642,84.96445377337866,85.69358486577657,524300
2019-09-24,86.57357025146484,87.62116908609518,86.23833734557597,87.4786907851182,615400
2019-09-25,88.25811767578125,88.44249612109294,86.35568072305117,86.5987244560496,645900
2019-09-26,87.61280822753906,88.3754570433401,86.79148772417741,88.3754570433401,477200
2019-09-27,88.50114440917969,88.92018392474782,87.82230244005072,88.04020477847611,526100
2019-09-30,88.92020416259766,89.18838925783758,88.21622068535673,88.21622068535673,588600
2019-10-01,86.14616394042969,89.6912354665148,86.04559213200201,89.67447669546203,521900
2019-10-02,85.77739715576172,86.47300436400597,85.18236174435977,85.72711445435871,1254800
2019-10-03,85.8863525390625,86.12101367373714,84.260476971622,85.4589303900272,790200
2019-10-04,86.59870910644531,87.05964874398629,85.83605410766135,85.83605410766135,564700
2019-10-07,86.91719055175781,87.56251509776077,86.27187239979153,86.33053768633391,652700
2019-10-08,85.6014175415039,86.33892500944347,85.33323242643156,86.0372223497699,792900
2019-10-09,86.81661224365234,87.3026996637449,86.3891964997426,86.59033369652578,697600
2019-10-10,88.86154174804688,89.07944414311638,87.0931940211414,87.0931940211414,696500
2019-10-11,91.61881256103516,92.48203306379705,89.98456077367396,90.03484347665847,1018400
2019-10-14,89.89237976074219,91.56853821627848,89.85885582434702,91.56853821627848,785900
2019-10-15,89.80856323242188,90.47064012273776,89.70799143430531,90.09350706936426,472200
2019-10-16,89.52361297607422,90.63825976058061,89.33923454326427,89.82532197630206,707800
2019-10-17,89.18002319335938,90.21923975613504,88.84479018774336,89.66610433776295,677200
2019-10-18,90.69693756103516,91.00702279170343,88.92858983000417,88.92858983000417,624700
2019-10-21,90.92320251464844,92.0797557997607,90.76397182878405,91.53500308950136,731800
2019-10-22,90.9986343383789,91.74452425967411,90.43712285048906,90.87292118887194,637300
2019-10-23,92.23899841308594,93.21955597596354,90.93159685463196,90.93159685463196,1272500
2019-10-24,90.94835662841797,92.4066191148074,88.43411889965476,91.71101180861399,1317000
2019-10-25,92.96813201904297,93.16089306108208,90.89807523601047,90.89807523601047,558300
2019-10-28,94.29228210449219,94.46827794965095,93.32848985278223,93.32848985278223,849800
2019-10-29,93.51287841796875,94.45152302724966,93.0603148839068,93.66373292932273,555200
2019-10-30,92.549072265625,93.35362740823355,91.65232791348501,93.32010347803704,752600
2019-10-31,91.73613739013672,93.10220401936903,90.83939301015506,92.42336199541205,618400
2019-11-01,93.28658294677734,93.32848945955884,91.91213372882126,92.52393428763597,586600
2019-11-04,93.91515350341797,94.3258169168627,92.85079572828913,93.84811202660222,946000
2019-11-05,94.89570617675781,95.27283924144754,93.80620071026395,94.05762701608148,920500
2019-11-06,94.16658020019531,94.81189837614158,93.36202492884388,94.81189837614158,556000
2019-11-07,94.66102600097656,95.07168933857966,93.65533370006663,94.58560195572439,642900
2019-11-08,95.45722961425781,95.49912974110819,94.07439754744776,94.54371989001122,683200
2019-11-11,95.24769592285156,95.64159414328147,94.71132578261742,94.92922175618749,440500
2019-11-12,95.29798126220703,96.19472571466433,94.60237401939378,95.26445732826025,437500
2019-11-13,94.51018524169922,95.30636429007758,94.3760958993214,95.11360326749097,645800
2019-11-14,94.63590240478516,95.20579652061359,93.99058422955616,94.27552809045193,570100
2019-11-15,94.40961456298828,94.99626739195989,94.02409893337318,94.74484749127332,486000
2019-11-18,95.26445007324219,95.33988051738706,94.0408553505344,94.70293860897885,543400
2019-11-19,95.27284240722656,95.39855556431259,94.56885256396686,95.36503162948719,547600
2019-11-20,93.96544647216797,95.07171081063423,93.53802427043139,95.07171081063423,483100
2019-11-21,92.75021362304688,93.95704958823998,92.49041114488743,93.78943632375702,555700
2019-11-22,92.91783905029297,93.67210518133047,92.38146889780397,93.2195480603226,451000
2019-11-25,93.7475357055664,94.56884970482871,92.7921259710567,93.19440038872574,518900
2019-11-26,94.25039672851562,94.38449248482536,92.65804478954432,93.03518430863724,1136800
2019-11-27,93.92354583740234,94.56886407775774,93.46259966997881,94.5018225939814,763000
2019-11-29,93.78105926513672,94.08276827420279,93.5966808269256,94.01572040684665,297800
2019-12-02,93.05193328857422,94.3341934516652,92.98488541747533,93.91515384835249,527000
2019-12-03,92.80887603759766,92.84239996826574,90.99862853977356,92.17194053701222,696800
2019-12-04,93.17764282226562,94.54370957404979,93.11897753584634,93.11897753584634,761400
2019-12-05,94.16658020019531,94.31743471320102,93.01003319650955,93.6050686661329,530900
2019-12-06,94.94599151611328,95.50750303478584,94.75323049043037,94.97951545075539,496300
2019-12-09,95.15552520751953,95.35666245070718,94.62753754638781,95.13038385137578,539800
2019-12-10,93.3284912109375,94.15818774848469,93.16087794473839,93.48772828965203,720600
2019-12-11,93.49610900878906,94.17495747608184,93.43744372337231,93.80620059972708,569500
2019-12-12,94.01573181152344,95.04657211655245,93.19441132187097,93.83135335094612,854500
2019-12-13,93.060302734375,94.30903878564223,92.68316330820925,93.93190575351248,579300
2019-12-16,92.19710540771484,94.0157359506817,91.95406164389327,93.96545323886953,1105500
2019-12-17,94.12467193603516,94.4682874736322,92.44013736509937,92.44013736509937,808500
2019-12-18,93.68048095703125,94.08276173918901,93.27820656890961,93.98218994514053,526300
2019-12-19,94.25443267822266,95.06471449574082,93.8070901951754,94.372598374139,644100
2019-12-20,94.89591979980469,95.03096356612669,94.22068164954993,94.65114613132604,1990100
2019-12-23,95.41078186035156,95.4276599153241,94.2628809357827,94.86215170029988,442300
2019-12-24,94.7608642578125,95.46142267233141,94.50765479538674,95.43610237004361,153900
2019-12-26,94.72711181640625,94.82839302947983,94.3050895898046,94.82839302947983,188000
2019-12-27,94.33885192871094,95.07317296970979,94.19536590768601,94.96344950178752,323500
2019-12-30,94.29664611816406,94.55829783460526,93.74801594279388,94.26288356772841,409300
2019-12-31,94.5245361328125,94.63426603260052,93.89150279544386,94.19535931254465,367300
2020-01-02,93.45258331298828,95.28415784727824,93.14872685832167,95.28415784727824,860800
2020-01-03,92.18653106689453,93.01369097874664,92.0092825143548,92.40598441555944,844700
2020-01-06,89.44339752197266,92.00085135028115,89.38431466400856,91.80671828008562,1051500
2020-01-07,88.49806213378906,88.93696886801703,87.40080817731578,88.57402948529126,1285200
2020-01-08,89.23237609863281,89.46870750321932,87.89034213751965,88.56558024166496,691700
2020-01-09,88.6500015258789,89.85698553720148,88.5740406043893,89.48560386001019,850500
2020-01-10,89.19860076904297,89.94979967150981,88.69217548326881,88.96226939831816,688900
2020-01-13,90.59971618652344,90.65036322571603,89.00447290222303,89.31677162564615,957400
2020-01-14,90.017333984375,91.98395892586045,89.51090864670664,90.8022955116026,984100
2020-01-15,91.35935974121094,91.3762442345608,89.36741453605721,89.68815551423035,739900
2020-01-16,92.06836700439453,92.78580347446136,91.14835523677752,91.75606825033226,577800
2020-01-17,92.03460693359375,92.82801077149783,91.74762847410902,92.19497743858663,754000
2020-01-21,89.54467010498047,90.36339422890872,87.48520608347576,90.13550506718387,1380700
2020-01-22,89.721923828125,90.54908374810482,89.60375812527073,90.0088958380431,585400
2020-01-23,90.36339569091797,90.70945700232085,88.5571411043784,89.2830198379838,418000
2020-01-24,89.17329406738281,90.06797908998581,88.54026075375664,90.06797908998581,756400
2020-01-27,87.81438446044922,88.43897554404339,87.40924029515556,87.65401395591972,643000
2020-01-28,88.11824035644531,88.4220968683972,87.29107397623227,88.4220968683972,784800
2020-01-29,88.57402038574219,89.46026313189869,87.72153374839843,88.41364989091726,1113600
2020-01-30,84.08370208740234,86.42170214860684,81.96514892495739,82.84295583863796,2457300
2020-01-31,80.8172607421875,82.90205168408919,80.18422736822781,82.85984688333915,1763600
2020-02-03,81.99891662597656,82.38717628612336,80.66532489794112,81.26459566292083,1455800
2020-02-04,83.95708465576172,84.26937691468113,82.8091839321875,83.08772008707244,1005200
2020-02-05,87.62023162841797,87.67087866236547,85.33287248114249,85.33287248114249,1009700
2020-02-06,88.05915832519531,88.30393198652646,87.20667163428996,88.12668342615868,847000
2020-02-07,85.5692138671875,87.62868414141965,85.45104817337557,87.51051844760771,528700
2020-02-10,84.88554382324219,85.9068367597318,84.64077017803511,85.17252226365821,642800
2020-02-11,86.59895324707031,87.25730684186242,85.07967720667645,85.38353370266476,553700
2020-02-12,85.88151550292969,87.23198522047166,85.85619520190508,86.98721157798786,473300
2020-02-13,84.38758850097656,85.47640045280822,84.21033345439491,85.31603634523637,546600
2020-02-14,83.509765625,84.8095949391759,83.39159990912479,84.43821329525463,432000
2020-02-18,83.83050537109375,84.03307426224963,82.39563219612045,83.31563767476298,978100
2020-02-19,83.50131225585938,84.6070083526664,82.8260741640328,84.15966585363905,846200
2020-02-20,83.6447982788086,84.58168807267127,83.00332273536485,83.26498087677679,1019300
2020-02-21,86.39640045166016,86.4470410638864,83.38316167276993,83.70389628278429,1056700
2020-02-24,83.509765625,84.93619646365038,83.07930112314112,84.70830728004776,1241300
2020-02-25,79.57650756835938,83.81361419917114,79.5174247160356,83.81361419917114,969100
2020-02-26,79.51742553710938,82.20148710097872,79.49210523435887,80.4796356789165,770300
2020-02-27,77.58456420898438,81.67817849885117,77.58456420898438,78.28512264716755,1377200
2020-02-28,76.48731231689453,77.08658311884578,74.58821225623487,75.54198019068434,1237600
2020-03-02,80.01541900634766,80.02385481464403,75.25500867058136,77.03593659291015,965100
2020-03-03,76.72364044189453,80.1504587878968,75.66014265054802,79.25577374730658,1339100
2020-03-04,79.27263641357422,79.59337735797236,76.92619436973004,77.71115579960676,1330900
2020-03-05,76.81648254394531,77.67740499738849,76.14968669609478,76.56326664846617,852400
2020-03-06,76.6223373413086,76.91775154612972,74.19993442222858,74.29277336698948,978400
2020-03-09,71.77754211425781,73.38122788651451,70.19074083745704,72.54561922924843,1256000
2020-03-10,76.03152465820312,76.52950778654179,72.19111988253003,74.38563413739406,1218500
2020-03-11,72.05608367919922,74.31812327199702,70.5705635067301,74.18307305652314,1197500
2020-03-12,65.95626068115234,67.91569757648973,60.529483770488284,67.39602100424011,1324400
2020-03-13,71.86864471435547,73.35951867523936,68.05200451462706,69.67919007178806,1506300
2020-03-16,68.98062133789062,71.49380670737035,61.97777110874502,63.24714219538731,1189200
2020-03-17,79.8597412109375,80.39646009348058,69.98589728867951,70.41186135434438,1727800
2020-03-18,77.55101013183594,83.06298571074646,73.00171741891648,74.36480101269224,1359000
2020-03-19,75.3615493774414,80.13234483175825,70.49704132404754,78.01104595201261,1371400
2020-03-20,73.16358184814453,76.00902504154041,69.04877412340207,75.33600107214347,1575300
2020-03-23,64.93395233154297,72.89947772507533,63.26417425383749,72.03902863666819,1680700
2020-03-24,67.79642486572266,69.32137660971429,65.52177889829973,68.08607723624355,1384000
2020-03-25,68.00941467285156,71.25525831461076,65.32584013846797,67.43862446545202,1239600
2020-03-26,74.3477554321289,75.09745624939852,68.3246245918027,68.52909199634622,1004100
2020-03-27,73.34246826171875,74.91001894487115,70.47147545839245,71.76640297952363,729300
2020-03-30,77.32099914550781,77.79807681992789,73.39360993369671,74.04107713447813,844500
2020-03-31,73.9729232788086,77.57657573561443,73.43620438120637,77.15061165799793,1265300
2020-04-01,71.47676086425781,74.5522214799091,70.88892846135927,71.3660060638886,1368700
2020-04-02,71.52786254882812,73.88770636756031,70.33516224150124,70.7526115738666,1719900
2020-04-03,68.5887222290039,72.6609368586025,68.29906334128682,70.73557783927748,1147900
2020-04-06,72.78020477294922,73.39359393474666,69.8666127541058,71.05079208047248,1079800
2020-04-07,72.41387176513672,75.74491298618616,72.02198570966515,74.7651945976602,909700
2020-04-08,74.83333587646484,75.70230588441979,71.90270862335866,72.86538471090346,747600
2020-04-09,77.06539916992188,78.16438697105865,75.55748960538654,75.58304640313716,1152400
2020-04-13,75.70231628417969,76.67351360317772,74.2795982028029,75.6682383870594,748100
2020-04-14,75.39563751220703,77.74696090877369,74.57778730898724,77.61064929172257,731200
2020-04-15,72.88245391845703,73.84513036278622,71.53640591687774,73.57251362193308,861100
2020-04-16,72.56722259521484,73.52989883291123,70.82928880792745,73.33395904544375,695700
2020-04-17,77.38915252685547,78.37739233264296,73.94736840937205,74.27109877694234,1104900
2020-04-20,73.3680419921875,75.78751440197313,73.2998861919892,74.85039489817862,815700
2020-04-21,72.9931869506836,73.35951622884363,71.59602563390914,71.68973822830085,575200
2020-04-22,72.88245391845703,74.54371116745338,72.6353939814814,74.19441751527191,566800
2020-04-23,73.38507080078125,74.67148378501352,72.90799324358538,73.04429833148667,445800
2020-04-24,73.25727844238281,74.37330841332735,72.4138716396704,74.33923051729833,604700
2020-04-27,76.80982208251953,77.23578602973929,73.40211050476148,73.67472717099437,1058900
2020-04-28,83.73601531982422,84.34088350235236,77.86623111928263,80.04716501681457,1669000
2020-04-29,85.36318969726562,86.64108179752226,83.29300423486204,85.46542340517647,945200
2020-04-30,82.33885192871094,84.15345643661448,81.58915104305663,83.65933658010515,687100
2020-05-01,80.72018432617188,81.16318406102477,79.65527424271315,81.12911265808597,503700
2020-05-04,81.59767150878906,81.74249772431929,78.08773193398561,80.43053418402775,1060700
2020-05-05,79.63822937011719,82.45810886647651,79.60415147140748,82.1769710768923,878800
2020-05-06,79.63822937011719,81.7339713930552,79.25485788440385,80.12382805226508,563800
2020-05-07,79.90233612060547,81.67434810284325,79.75750990563199,80.40497057246482,628700
2020-05-08,83.60822296142578,84.58794157340496,81.30801969825343,81.4698816169714,591000
2020-05-11,83.06298828125,83.76156905090961,81.21430589686602,82.72221574733655,595500
2020-05-12,81.06946563720703,83.52301575685867,81.02686664046226,83.41226746489433,644900
2020-05-13,76.5031509399414,80.72871380994127,75.42971964443099,80.54980967730553,749600
2020-05-14,79.51895141601562,79.62118510949792,74.05809665813528,76.06012603271206,618700
2020-05-15,77.45729064941406,78.7948173226496,76.68203956477554,78.7948173226496,591700
2020-05-18,79.83417510986328,81.05243245578058,79.45932469582871,80.1664265224139,808200
2020-05-19,77.45729064941406,79.44228440960217,77.40617705033968,79.14411091551042,561200
2020-05-20,79.60417175292969,80.3623873182386,78.5818540302563,78.6585309468125,475800
2020-05-21,79.15262603759766,80.72017028798068,78.8800028639371,79.03335014927406,403700
2020-05-22,79.22078704833984,79.37413435635739,77.9599371821468,79.0674397403223,390800
2020-05-26,83.79563903808594,84.06825573952348,80.9331604231444,80.9331604231444,651900
2020-05-27,87.2885513305664,87.33966493606918,85.4228267333687,85.74656356740769,776200
2020-05-28,86.64106750488281,88.10638457807075,85.15871473303434,87.89340259649562,815900
2020-05-29,86.39400482177734,86.63254357550096,84.57087327611787,86.39400482177734,819500
2020-06-01,87.42485809326172,87.64635470461235,86.12992382835814,86.25771433471897,495900
2020-06-02,87.62931060791016,88.60050796369043,87.26298132461096,88.2426997799176,814400
2020-06-03,91.55669403076172,92.05081378120353,88.55790413125443,89.1798143688373,617000
2020-06-04,92.54493713378906,92.59605723404205,90.79848861787329,90.79848861787329,854200
2020-06-05,94.18917083740234,96.0974945053776,93.36279952131332,94.93887174256967,873700
2020-06-08,95.2625961303711,95.50965604960483,93.32020117881798,93.3542790814394,558800
2020-06-09,91.88043975830078,94.06989460744303,91.73561354836302,94.06989460744303,515600
2020-06-10,89.72505950927734,91.50559246486661,89.6228258061863,90.92628114674075,461900
2020-06-11,83.59968566894531,88.07230731417496,83.52301527488036,87.4248467653121,693300
2020-06-12,84.95667266845703,87.23260591120233,82.64639150232098,86.48541080475081,582500
2020-06-15,85.42903137207031,85.84127194272651,81.34953108014838,82.5862658970084,943000
2020-06-16,86.68292999267578,88.87297988218616,86.19339027710164,87.98836705005853,800200
2020-06-17,85.09407043457031,86.96634633372022,84.78488677765054,86.96634633372022,499200
2020-06-18,83.84017944335938,85.0854980349654,83.22181199975365,84.49289480943555,865400
2020-06-19,85.66952514648438,85.66952514648438,83.32488262781962,84.86221123378454,3273200
2020-06-22,84.65608215332031,85.25726912035827,83.41076348483602,85.05114881058047,769900
2020-06-23,85.83268737792969,86.39951979500813,85.18855575934994,85.26584840840559,806300
2020-06-24,84.1150131225586,85.49774968669202,83.94324073892456,85.16280172916369,853500
2020-06-25,82.38873291015625,83.77146938309971,80.19868266849038,83.60828726752067,725900
2020-06-26,82.17401123046875,82.89543543911441,81.43540651069623,81.95930070849872,891700
2020-06-29,84.1837158203125,85.4548052538992,83.09298902828893,83.38499225282644,559700
2020-06-30,85.71244812011719,86.15045289338408,83.40216066869851,83.78005330675985,776400
2020-07-01,85.3431396484375,86.03020937935997,83.92604890927012,85.76397043196646,661800
2020-07-02,85.58363342285156,86.76024313790532,84.63031797999331,86.31364804106781,906000
2020-07-06,85.88423156738281,87.58474223549361,84.60455835171392,86.66578121982049,742400
2020-07-07,84.74195861816406,85.5836268603863,84.17512617131725,85.03396837452746,577600
2020-07-08,82.71509552001953,84.9223198542791,81.87343377910537,84.45854425007384,607400
2020-07-09,81.90778350830078,82.90403705954124,81.46118189201165,82.90403705954124,606400
2020-07-10,84.93090057373047,84.99960951903292,82.41449278592809,82.41449278592809,484400
2020-07-13,84.83643341064453,86.14187725391328,84.36407412129353,85.24009030228098,479100
2020-07-14,87.70497131347656,87.7994444834322,84.90514379536052,84.93090801399457,715200
2020-07-15,88.3233413696289,89.4999577112527,87.26696898150007,89.4999577112527,659800
2020-07-16,91.93907165527344,93.0641529815164,88.22028289054705,88.34052028942278,1011900
2020-07-17,89.92936706542969,92.1709457587878,89.85207441166716,92.1709457587878,879900
2020-07-20,89.07911682128906,90.30726146783778,88.75275258150579,90.29867121088395,370200
2020-07-21,89.42266082763672,90.30726733036722,88.95888520871608,89.04476812649102,455000
2020-07-22,89.55146789550781,90.13548081828883,88.67545178755907,89.36252812698812,445800
2020-07-23,88.8558120727539,90.44466881164843,88.58098283441781,89.20794051535893,510300
2020-07-24,88.28038024902344,89.65452629859246,87.95402260988993,89.19934103396446,393800
2020-07-27,88.91593170166016,89.43123570991945,87.05224570477348,87.97120659444379,688400
2020-07-28,87.58473205566406,89.13923436957344,86.82894671214879,88.52086692576863,964300
2020-07-29,87.5761489868164,88.53804815395503,85.47198145380736,87.61050346456373,940700
2020-07-30,84.4070053100586,87.3013057095167,83.91746554748897,86.3823448726774,828400
2020-07-31,82.55193328857422,86.3823695803749,81.25507943865966,86.3823695803749,824900
2020-08-03,82.40589141845703,83.40215133367477,81.99365090711815,83.12732214196726,728300
2020-08-04,81.90778350830078,82.43167777792108,80.69681285321076,81.38388923868047,1750500
2020-08-05,82.32862091064453,83.65982905633622,82.2685022135618,82.69792335056601,758400
2020-08-06,81.59858703613281,82.81814120490014,81.52128784243756,82.41448438296216,696800
2020-08-07,81.99365997314453,82.04518840464819,79.03065066521971,79.15947829642435,2132500
2020-08-10,83.78863525390625,83.78863525390625,81.73600310827668,82.1826046807043,1882100
2020-08-11,85.88423156738281,87.39579587765387,84.65608679387135,84.7849144517118,946300
2020-08-12,85.36892700195312,87.11237584444365,84.55302287524468,86.41671566949539,494100
2020-08-13,85.2143325805664,85.73822689870113,84.50149191130812,84.80208540061986,375100
2020-08-14,85.60079956054688,86.28787593397338,84.33830049203205,84.58736551358801,348200
2020-08-17,85.22291564941406,86.45964398004041,84.99961483942685,85.79833835933678,406800
2020-08-18,84.19231414794922,85.69528825376985,84.15795966780823,85.2916313026722,349800
2020-08-19,84.26102447509766,85.78976282771116,83.9003122564366,84.75056435826542,647400
2020-08-20,83.06719970703125,83.89168724489315,82.21694795743062,83.17884680871391,306800
2020-08-21,82.41449737548828,83.60828751870483,82.06237547798395,83.06721928731942,422100
2020-08-24,85.64373779296875,85.90997675505925,83.09297563214874,83.09297563214874,571500
2020-08-25,85.18858337402344,86.22778193590453,83.96043842771891,86.0388355514811,518000
2020-08-26,85.76399230957031,85.88422970696432,84.50149308448646,84.91374027015644,614200
2020-08-27,87.68779754638672,87.95404311513211,85.84987554801914,85.86705606339459,932800
2020-08-28,87.83378601074219,88.40921524560106,87.3614267478066,87.74790310406715,604900
2020-08-31,86.94918060302734,88.69262918273316,86.15904736879199,88.52086336744577,770600
2020-09-01,89.50853729248047,89.52571125381868,86.43388056969344,86.85471142316439,680200
2020-09-02,92.01634979248047,92.06787822602264,89.07911113655307,89.62017934608313,800100
2020-09-03,90.99433135986328,92.78931502216086,89.39688429291755,92.01635570711517,1175200
2020-09-04,91.50963592529297,92.46295125913471,90.28149135887632,91.87034806446397,732800
2020-09-08,88.87300109863281,91.3464644805793,88.84723032644412,90.90845308762277,743800
2020-09-09,89.7575912475586,91.09738284979133,89.19934256247984,89.79194571844216,638900
2020-09-10,88.89873504638672,90.53911981836747,88.18589463150744,89.83486965795923,916500
2020-09-11,89.8434829711914,90.26431381406152,88.51227494162069,89.01040498968098,675600
2020-09-14,91.6694107055664,92.17998010476458,90.19827204798436,90.65692092585508,521100
2020-09-15,93.05403900146484,93.3655754212221,92.41366151743321,92.41366151743321,735500
2020-09-16,96.0655288696289,96.58475389105246,93.32227801225487,94.24823799349429,905900
2020-09-17,97.75303649902344,98.18572522641057,93.55595716382949,94.74152665370039,952100
2020-09-18,97.90880584716797,98.92995151980641,97.45015684715604,97.7530376393992,1177300
2020-09-21,93.4867172241211,96.45496189904439,92.55210806997667,95.64150504981066,736200
2020-09-22,92.72518920898438,94.33479169211658,91.47038802465788,93.28768583628207,644800
2020-09-23,90.1290512084961,92.85499114775031,90.06847505883734,92.829024281635,636000
2020-09-24,90.23290252685547,91.66943224259032,88.92618734954684,90.18963761635261,382600
2020-09-25,94.7069091796875,95.13094227679116,88.94349225815117,89.15983661822735,1078900
2020-09-28,96.18669891357422,96.64534787721747,93.98863953482424,95.48573873304447,945800
2020-09-29,94.10978698730469,96.4549588178841,93.76363472620068,96.3943826673638,630400
2020-09-30,94.3694076538086,95.676122767819,93.42614285917874,94.63767253377137,676800
2020-10-01,93.15787506103516,95.67611977075387,92.54345792153467,94.98382183717696,547300
2020-10-02,93.82422637939453,94.8886436027607,91.79924621115018,92.02423960608422,622000
2020-10-05,96.00496673583984,96.7318805514404,94.85401325883366,95.33862246923402,795000
2020-10-06,94.68094635009766,96.78380713490589,94.4040192384821,95.66747607715796,474600
2020-10-07,96.89631652832031,97.69246221744902,95.65882648013509,95.65882648013509,378000
2020-10-08,98.48860931396484,98.51456958210865,96.87035764481001,97.1213179073771,323300
2020-10-09,97.70111083984375,99.9597464065188,97.56264728523568,99.1376339062212,493500
2020-10-12,100.99819946289062,102.61645764022767,99.08571612729551,100.16743791907821,578200
2020-10-13,100.72994232177734,101.41359133906303,99.83860455313472,100.23667741086315,350300
2020-10-14,100.8683853149414,101.96741828499458,100.72992836731981,101.13665679234869,383000
2020-10-15,102.72029876708984,102.83280205897707,99.61359694837219,99.73474926093854,398300
2020-10-16,103.49048614501953,103.9924066509058,102.97991661828785,103.31741329582717,650500
2020-10-19,101.47415161132812,104.45970087797257,101.17991987419526,103.94913140201702,476500
2020-10-20,100.8424301147461,102.73760878514928,100.40108578006881,102.46068827369224,352700
2020-10-21,101.86356353759766,102.7722123644543,100.98088157627534,101.09337825103745,444500
2020-10-22,102.27896118164062,102.65107374287838,100.8424314700651,101.75972943866266,283100
2020-10-23,103.1529769897461,103.49912924856507,102.28759964385122,102.55587111064615,419300
2020-10-26,100.19339752197266,102.38280135766803,99.68282800874034,102.31357618120498,436300
2020-10-27,98.62705993652344,102.02799326544857,98.57513940704997,99.99435776597139,616000
2020-10-28,96.8616714477539,97.7183930376134,95.94437371724385,96.87032706850519,565600
2020-10-29,99.32801055908203,100.27992431770268,96.94822286137781,96.94822286137781,456500
2020-10-30,99.0770492553711,99.7347378787484,97.77898325261081,98.97320820062554,361800
2020-11-02,102.00204467773438,102.09723672753675,99.79532949021562,100.15013742171648,540200
2020-11-03,106.65776824951172,107.29814569907816,103.10106648396017,103.70682804404926,646100
2020-11-04,102.4780044555664,105.32509729202488,102.21839516064196,105.32509729202488,392900
2020-11-05,106.04335021972656,106.70103890993299,103.04914512805536,103.4991384830561,313400
2020-11-06,106.62315368652344,107.94718011455157,105.01355111848369,106.13854443242317,704300
2020-11-09,109.72119903564453,114.01347005728935,108.45774885043623,112.24810600836658,827200
2020-11-10,112.4471435546875,112.4471435546875,109.0808259344251,109.84235568372183,478800
2020-11-11,110.67311096191406,113.06154774170227,110.23176665600099,112.6288590581066,505200
2020-11-12,109.79042053222656,109.81638079488246,108.27601025578655,109.57407620702084,421500
2020-11-13,112.45578002929688,112.84519718215401,110.07599240064661,110.07599240064661,534700
2020-11-16,116.27213287353516,116.83462302205928,113.20870203201322,114.42887439161629,512700
2020-11-17,117.32786560058594,118.09805093295816,114.48076665405858,115.62307112253553,655800
2020-11-18,114.13463592529297,117.66537764731093,114.07406636776439,117.31923193528687,655000
2020-11-19,112.32598876953125,113.95288929672684,111.27022728884107,113.95288929672684,711900
2020-11-20,112.32598876953125,113.18270394159492,110.45677042293771,112.41251858646302,579300
2020-11-23,113.77116394042969,114.82692538866402,112.7067534721514,113.56346861787824,277100
2020-11-24,116.47979736328125,116.76536027061532,114.16922820342133,115.4586452171208,443200
2020-11-25,114.01345825195312,116.33266305693017,113.8057629481573,115.44998772616941,358800
2020-11-27,114.8961410522461,115.10382314106585,113.24326733747479,113.67595596199446,220500
2020-11-30,112.49905395507812,114.41154368234297,111.81541166799502,114.18653712348225,696800
2020-12-01,114.17790222167969,115.74423328460637,113.43367709069327,114.68847174519279,607000
2020-12-02,114.2125015258789,114.97403783649142,112.70675335394515,113.87500487996851,431600
2020-12-03,113.83173370361328,115.57115067229583,113.5115483014466,114.3682766533922,469000
2020-12-04,115.24234008789062,115.9606051220812,114.48946575772408,114.48946575772408,512000
2020-12-07,116.76536560058594,116.84325960166139,114.38557776369498,116.07307424808839,745700
2020-12-08,118.61729431152344,119.02400956787255,115.64904276905854,115.64904276905854,519800
2020-12-09,117.96824645996094,120.24417990688363,117.12882937573049,118.56534573842274,646500
2020-12-10,117.3105697631836,118.53075518623754,116.69615914336777,117.46634457689447,634000
2020-12-11,117.32786560058594,118.39227607013163,116.1596008673355,116.85190540538721,559100
2020-12-14,113.9529037475586,118.64326145407664,113.83175142480137,118.26249323837882,597200
2020-12-15,116.12498474121094,116.46248136799416,114.48075990962835,115.08653459761719,487100
2020-12-16,117.35382080078125,117.84707901480118,116.40190045146532,116.65286727292599,550800
2020-12-17,117.38845825195312,117.84710729269362,116.14232568375706,117.69134567339913,500500
2020-12-18,117.571533203125,117.7894842869731,115.35715604440685,117.45819438266689,1175200
2020-12-21,116.62126159667969,117.32742093103265,113.77045789255335,116.22895233344778,454800
2020-12-22,116.65611267089844,117.43201784218726,116.24636365095847,116.66483922622214,598700
2020-12-23,118.32998657226562,119.2715367541669,116.7433097621062,116.92638120424759,1024200
2020-12-24,118.65257263183594,118.90539003009123,117.3884457325251,118.80077776911361,158900
2020-12-28,119.24537658691406,120.30897876777078,118.84435410718689,119.82948380055238,300900
2020-12-29,118.27767944335938,119.90794911253062,118.11203450961271,119.58538580113574,305500
2020-12-30,119.84693145751953,120.39617239254441,118.68743020728762,118.68743020728762,251500
2020-12-31,120.23053741455078,120.55310075730294,118.73974616858384,119.92540058033563,397100
2021-01-04,118.347412109375,121.59052457724925,117.5540671486332,120.66641431646232,610500
2021-01-05,119.56794738769531,120.54437719205617,117.92023788976545,119.05358607360671,999800
2021-01-06,125.99313354492188,126.92595702406828,120.33512008911053,120.33512008911053,872400
2021-01-07,126.36802673339844,127.28342388074753,125.54852858820358,126.14136241134183,927800
2021-01-08,126.21984100341797,127.78037834172265,124.7813690526871,126.80394835988903,740900
2021-01-11,127.13521575927734,128.14651188498598,123.85723655830274,124.8510928742089,713600
2021-01-12,128.35574340820312,129.1490885141175,125.13878341167307,125.27827529236353,565600
2021-01-13,125.23464965820312,127.5274986250867,123.97926296840403,127.06544353100608,863800
2021-01-14,124.66799926757812,126.01929842367103,124.31928291237567,125.435191212235,985800
2021-01-15,124.25826263427734,125.28699859933839,122.25311013506555,123.3341522283593,586600
2021-01-19,121.77361297607422,125.8013577138298,121.6166945941411,125.49622090094562,663200
2021-01-20,122.46233367919922,122.93310208110891,120.92796311824891,122.68899797601856,576900
2021-01-21,122.53211212158203,123.44750940989523,122.03517722407388,122.03517722407388,404000
2021-01-22,122.40131378173828,123.02030066456732,121.18950638255689,122.13978314374602,375600
2021-01-25,122.85464477539062,124.3541490453906,122.06129977038488,122.53208148216518,750100
2021-01-26,121.91309356689453,123.70900805263001,121.89566706118868,123.47363050151594,352400
2021-01-27,118.45203399658203,122.15720189661232,117.71972165133607,120.66642414398136,650500
2021-01-28,114.82534790039062,119.82949596818933,112.56736469869757,118.46077016206699,1174400
2021-01-29,117.2228012084961,117.77202882096725,112.41043819205126,113.85763638908031,1379600
2021-02-01,117.38843536376953,118.67871521435617,115.68841975965258,118.16434060373454,975500
2021-02-02,118.1817855834961,120.01257988505577,117.7633232555627,118.68743366014284,537300
2021-02-03,118.25152587890625,119.01871786240464,117.17921039482692,118.2689656883522,522900
2021-02-04,115.36583709716797,118.81817385218424,115.27865136689317,118.46074428447695,1006300
2021-02-05,116.21150970458984,116.83920983160762,115.20892683100556,116.25510257781998,857600
2021-02-08,115.97612762451172,117.85050159142631,115.64483772605719,116.77818600258429,737800
2021-02-09,115.02587890625,116.71718163304907,114.79048798481922,116.33358555447444,829400
2021-02-10,116.638671875,116.92636884205356,115.53149017768332,115.93251263890294,716300
2021-02-11,114.35456085205078,117.24895732141441,113.6571147977615,116.81305520031822,768600
2021-02-12,116.10689544677734,116.7520354464018,114.24123469400224,114.24123469400224,563000
2021-02-16,115.98484802246094,116.44691657898105,114.642275140158,116.34229100831656,638400
2021-02-17,116.31613159179688,116.59511536143413,115.0258649139204,115.732024289632,445200
2021-02-18,115.67098999023438,116.3858759129628,115.43561240339484,115.75817574270111,382900
2021-02-19,116.89154052734375,117.55410711060134,115.27869699757254,115.86280437413119,386400
2021-02-22,117.10075378417969,117.76332022826503,116.00227191041112,116.1766301006781,451800
2021-02-23,116.42073059082031,117.51921243027435,115.82791010189581,117.39716037063243,595800
2021-02-24,116.32484436035156,116.79562614397898,114.7468806651302,116.31613110609115,659100
2021-02-25,116.44689178466797,117.35356228707447,115.7843120880284,116.32482642777019,477500
2021-02-26,115.09561157226562,116.5776762753171,114.6422695951243,115.82792401810117,803600
2021-03-01,118.46947479248047,119.00127589819854,116.16791218633666,116.16791218633666,617200
2021-03-02,118.92280578613281,119.68998438258512,117.86791692483213,118.73972106377715,706300
2021-03-03,119.01001739501953,120.29157096535404,118.15565278235648,118.93155818932881,443800
2021-03-04,117.00486755371094,119.56796116598619,114.86022300160296,118.96642733931706,549500
2021-03-05,117.64997863769531,118.44332368273784,115.21765067966852,117.9551154404584,923100
2021-03-08,120.68385314941406,122.27054323298077,117.64126490103739,118.12947314131118,818500
2021-03-09,122.05257415771484,122.98541093120419,119.66382613166519,120.5182037286951,471400
2021-03-10,122.77619171142578,124.28440930954162,121.87823441578367,121.87823441578367,474800
2021-03-11,122.01774597167969,123.39518517549098,121.36389269153625,122.61056656039047,714900
2021-03-12,120.48986053466797,123.08018787550296,120.28790635241884,122.73773800194724,762800
2021-03-15,118.31226348876953,119.99817205342175,116.71415470655351,119.99817205342175,1005200
2021-03-16,117.22343444824219,118.63714082284277,115.72191489821175,117.82052116625513,593400
2021-03-17,118.43515014648438,118.54929116132254,117.21462241474559,117.59218947638892,798900
2021-03-18,117.65367126464844,119.56787479566324,117.65367126464844,119.06737732316374,653300
2021-03-19,115.0457992553711,118.10150736729763,114.67700805207038,118.10150736729763,1661400
2021-03-22,114.54527282714844,114.77358168293978,111.56858893251244,112.46423224724745,676500
2021-03-23,113.21060180664062,116.73170352545108,112.70132830461633,114.65943869539089,607700
2021-03-24,114.05354309082031,115.83604023715027,113.31596083683677,113.31596083683677,467800
2021-03-25,117.47802734375,117.86438373388967,113.54424240473642,114.23793139568839,596600
2021-03-26,118.99713897705078,119.1727519042546,117.03023935650843,117.8732001648573,428600
2021-03-29,119.27811431884766,119.78740117525774,118.09271703787189,118.19808211216115,451400
2021-03-30,118.93566131591797,119.69959827974104,118.602000789933,119.08493296672304,254800
2021-03-31,118.08393096923828,119.54154373004138,117.47805497839799,118.64590037843365,494600
2021-04-01,119.04103088378906,119.59421086636803,117.17949656936631,118.18050486927805,497200
2021-04-05,120.70059204101562,121.20108946860017,119.89274859572632,120.60400293767051,651000
2021-04-06,122.45674896240234,122.79919880504185,120.11226919540258,120.63912129103507,928400
2021-04-07,121.21868896484375,123.46656684203285,121.1835583364076,122.93093864485819,522400
2021-04-08,119.62936401367188,120.86744393994084,118.88299227650678,120.48987679181835,724500
2021-04-09,121.03429412841797,121.11331794966091,119.07618352218688,120.29671166666408,429700
2021-04-12,122.14068603515625,122.34264027465406,121.17479463162697,121.18357059041891,381600
2021-04-13,120.57768249511719,122.61481657417454,119.87521738570143,122.13187097405074,333900
2021-04-14,120.78839111328125,120.87620426070454,119.65567654258967,120.24398711479128,348600
2021-04-15,122.53577423095703,123.26458049937163,121.09572700376826,121.27133990495606,574300
2021-04-16,123.24702453613281,124.18656099786003,121.94747289070537,123.46654402886614,497800
2021-04-19,123.91437530517578,125.0822207682728,122.27237357056974,124.87149060245027,554800
2021-04-20,123.64215850830078,124.59048433672041,122.8343283726263,123.958267117774,391600
2021-04-21,124.9065933227539,125.02952370467483,123.58070038929205,123.65972419229692,289700
2021-04-22,123.53678894042969,125.44221648429345,123.41385856335481,125.25781421947802,575700
2021-04-23,124.97686767578125,125.29297635325118,123.53682001139813,124.06365887490828,281500
2021-04-26,125.69686889648438,126.09201474210647,124.58171940743217,125.58272785963185,465400
2021-04-27,127.11935424804688,129.2267360627643,123.98460939536739,124.6870744664088,594000
2021-04-28,127.64622497558594,129.1038380183813,127.26865777689146,128.16430130177187,599000
2021-04-29,131.72048950195312,131.77318544203393,128.64721618591534,128.64721618591534,619000
2021-04-30,129.64820861816406,131.90487546201183,129.29698278490224,131.29022355460026,550600
2021-05-03,131.24632263183594,131.99269430769024,129.85895775337247,130.5175162679237,342200
2021-05-04,133.36245727539062,133.45025701419144,131.36044101244323,131.36044101244323,545100
2021-05-05,133.61712646484375,134.4600872326521,132.2209856728678,133.3624897424056,528000
2021-05-06,134.5566864013672,134.67961679352348,132.77418901589698,134.41619069650062,338400
2021-05-07,134.48641967773438,134.8376454922088,133.2219853081769,133.6610242754729,224300
2021-05-10,135.71572875976562,137.4543193870223,135.27668977521753,135.39962015495473,370300
2021-05-11,135.97036743164062,137.0064929167463,134.5830027494103,135.7771892228234,469100
2021-05-12,133.08154296875,136.45336037355872,132.88836467383177,136.24263015976527,359700
2021-05-13,136.14601135253906,136.88359373695457,132.0453882553997,132.4229554051332,254500
2021-05-14,135.4435577392578,136.7343337211903,134.978177380973,136.26895336290548,299100
2021-05-17,136.2162322998047,137.36651223364714,135.12741085331876,135.75085207311125,338200
2021-05-18,133.65225219726562,135.46109065126092,133.49419119728205,135.05716889433077,400400
2021-05-19,132.38784790039062,133.03761716363994,131.1673197942438,133.03761716363994,290800
2021-05-20,131.1760711669922,132.6688010791508,131.06191674012598,131.9663360033094,370700
2021-05-21,131.8522186279297,132.79175528416636,131.36927296425227,131.64147504784972,399900
2021-05-24,133.02882385253906,133.38883906670173,132.19465238925088,132.74783244682936,352100
2021-05-25,131.00045776367188,133.60835047165395,130.71069041851754,133.0990636285106,369500
2021-05-26,130.5965576171875,131.3077987646992,129.5604318463455,130.74582929272867,462100
2021-05-27,131.1760711669922,132.07171447365013,130.28042786033424,131.5624276286253,1184900
2021-05-28,130.5262908935547,131.93122106963244,130.01701743809383,131.2550972500344,382300
2021-06-01,131.5272979736328,132.256104322821,130.7370331314999,131.71170024928088,431300
2021-06-02,128.5857696533203,131.12341503450133,127.85696316274041,131.04439121463847,1256900
2021-06-03,128.26966857910156,128.65602514143546,127.61110991105345,128.27844453791445,916100
2021-06-04,128.86671447753906,129.4374731812436,128.15547348532206,129.077458007917,583800
2021-06-07,126.7242431640625,129.34091226078831,126.52227554569639,129.34091226078831,680300
2021-06-08,126.68033599853516,127.32132928406594,125.97787081245852,126.68033599853517,903000
2021-06-09,125.55638885498047,127.0139882777038,125.49491695845182,126.30274718020456,706900
2021-06-10,125.23146057128906,126.66273177589972,125.18756739684976,126.66273177589972,484400
2021-06-11,126.3115463256836,126.50472458916279,125.10857015794326,125.81103535255771,1260100
2021-06-14,122.78349304199219,126.67407793036301,122.412120133828,126.41765859813194,857600
2021-06-15,123.7384033203125,124.33966962374785,122.50048067857259,123.62344979492723,877100
2021-06-16,122.57124328613281,123.49968206871527,122.25292180331026,123.45546812817318,981200
2021-06-17,118.31813049316406,122.88957156007562,117.9202319906973,122.83652022537353,830500
2021-06-18,117.38084411621094,117.81411913247594,116.41704230660505,116.85915471382243,1104200
2021-06-21,119.66217041015625,120.46681839519907,118.64530356873432,118.64530356873432,445100
2021-06-22,119.65330505371094,120.28109709895114,118.97244818762547,119.60024023286567,340800
2021-06-23,119.01668548583984,119.87438477982441,118.54804733455369,119.76826860950526,344500
2021-06-24,118.30928802490234,119.7063649116481,118.14128314408727,119.37035515001796,541600
2021-06-25,119.60026550292969,120.44029002463864,118.45078382686934,118.45078382686934,590600
2021-06-28,119.89205932617188,119.97163633460127,118.43309353615773,119.55606301540263,434100
2021-06-29,119.43228912353516,121.29799110687289,119.05206531971362,120.28113765245988,474800
2021-06-30,119.74171447753906,120.0954124741924,118.68948486231878,118.95475498675903,474800
2021-07-01,120.73206329345703,121.28029191243854,119.43226508838178,120.29880172249908,414400
2021-07-02,120.82933044433594,121.08576322787921,119.57373267156312,120.91775833359947,518200
2021-07-06,120.00698852539062,120.92657636235555,118.83096794594354,120.76742237780755,566600
2021-07-07,121.68701934814453,122.21755965419045,119.44993156053837,119.44993156053837,508200
2021-07-08,120.3695297241211,121.34216893613431,119.38803962885133,120.17499918327843,661400
2021-07-09,122.58008575439453,122.66850013720868,121.52785610585038,122.21755035591809,422300
2021-07-12,122.82767486572266,123.1194706798562,120.43141963025037,121.3863840695419,648000
2021-07-13,121.57208251953125,123.45547232236603,121.34217541778182,122.97799682801094,480500
2021-07-14,121.28028106689453,122.60661831349084,121.14763924691479,121.57207688020974,429500
2021-07-15,120.8912124633789,122.05838215184488,120.46678834868213,120.97964033786543,708500
2021-07-16,119.29963684082031,121.57210159488608,119.01669185330331,121.39524579895966,490800
2021-07-19,116.88567352294922,118.5214812383852,115.5239598329591,117.58420514881232,509300
2021-07-20,117.23055267333984,119.31732422289438,116.73538882975112,117.17750133184146,620400
2021-07-21,117.44276428222656,118.8840417753784,117.08022881476178,118.07055644080997,388500
2021-07-22,116.29328155517578,117.41623764657737,115.57706142834697,117.41623764657737,441300
2021-07-23,118.15898895263672,118.57457577457457,116.06336656544734,116.59390695283257,491000
2021-07-26,118.99015808105469,119.29962871845012,117.40738786381357,118.0440309076354,439600
2021-07-27,122.10263061523438,124.23361616625041,116.51433546626397,118.99016823776867,803600
2021-07-28,122.85423278808594,123.13717779316623,120.79398676592413,122.14685003707957,480200
2021-07-29,123.98600769042969,125.2946566710244,122.85420097874774,123.1371459105681,1129600
2021-07-30,125.1178207397461,125.80751506798134,124.05675358032272,124.40160074444034,816700
2021-08-02,123.14603424072266,126.32923652571495,122.73044736169408,125.2504808174541,636900
2021-08-03,123.97716522216797,124.0036908868086,121.92575720862808,123.40241100648839,539300
2021-08-04,122.66853332519531,124.02139652728384,122.02305283799956,123.23443679866892,577900
2021-08-05,122.50049591064453,123.79147003471722,121.79312687563431,123.4024089701419,524900
2021-08-06,124.29548645019531,124.55190570529311,122.97798664272122,123.33167116538019,386800
2021-08-09,126.12583923339844,126.71826829750849,123.94180265038013,124.37507770869998,472500
2021-08-10,127.38143920898438,128.24797584863555,125.75446860207153,125.75446860207153,382900
2021-08-11,128.7520294189453,129.1410906581657,127.39032857387949,127.93854386975974,496300
2021-08-12,128.6193389892578,129.40629848268475,127.72626335037845,128.65470204294257,432000
2021-08-13,129.4681854248047,129.92798606959764,128.52207196446793,128.71660248756498,349800
2021-08-16,129.17640686035156,129.48589095895315,127.4521710777729,128.9199875869222,577700
2021-08-17,128.80506896972656,129.17644189344568,127.7793646134332,128.7608550161924,422300
2021-08-18,128.25682067871094,129.9545308178138,128.21260673656852,128.34523507079496,527800
2021-08-19,128.2921600341797,129.15870996502719,127.05425083610949,127.37257227164159,443800
2021-08-20,131.1305389404297,131.47538606853925,128.44248802555552,128.44248802555552,777200
2021-08-23,129.96339416503906,131.8025838894317,129.5301325252364,131.8025838894317,555700
2021-08-24,130.732666015625,131.042136656973,129.9191671775277,129.98106940111862,329300
2021-08-25,132.56300354003906,133.0935439095417,130.0429705154067,130.6000230619622,389000
2021-08-26,132.1031951904297,132.78405214396378,131.59919401136253,132.65142380531486,550800
2021-08-27,133.86279296875,134.19880271285547,132.59835797121593,132.59835797121593,323900
2021-08-30,133.65061950683594,134.9592823793938,133.63294471908566,134.26073698933038,596900
2021-08-31,134.1369171142578,135.64894765781204,133.54448803935688,133.7567068764772,751600
2021-09-01,136.11758422851562,136.4801196782108,133.1642762797334,134.39334835974765,823100
2021-09-02,135.56051635742188,137.7445529252524,134.97692468918027,136.88685369858854,1320700
2021-09-03,134.8000946044922,135.60474256906005,134.29609338519523,135.06536479516538,758400
2021-09-07,134.0485382080078,134.9946521030632,133.73021661415072,134.86202372737483,636300
2021-09-08,134.11923217773438,134.67629820642048,132.82827132332767,133.59754270221663,636400
2021-09-09,134.14578247070312,134.67630938243747,133.77439609262527,133.82746092678136,780600
2021-09-10,134.2430419921875,135.98495277766446,134.1192375433471,134.67630359431936,436000
2021-09-13,134.11923217773438,135.1626246209717,133.27038379251934,135.1626246209717,545100
2021-09-14,131.98301696777344,134.54648969804558,131.62698512489973,134.54648969804558,575900
2021-09-15,129.9891815185547,132.1343090034658,129.7132548493758,131.8583823342869,756400
2021-09-16,127.91529846191406,130.08711443941345,127.5503569939645,129.9536058934535,1127700
2021-09-17,125.52093505859375,127.39903207718285,125.01357546308594,127.2121065468002,1338000
2021-09-20,124.36383056640625,124.72877206025603,122.92188384072544,123.9276799824093,618200
2021-09-21,122.85065460205078,124.91566355065918,122.78834156523742,124.80885672382824,490500
2021-09-22,125.27169799804688,126.22409047814611,123.74963293997348,123.76743860347062,498500
2021-09-23,127.00740051269531,127.56816357322704,125.81467888777345,126.2686215290288,450200
2021-09-24,126.27748107910156,127.77284428113174,126.24188333745961,126.75813887258072,272400
2021-09-27,127.8440933227539,128.48496152663074,126.05499726120418,126.05499726120418,365600
2021-09-28,126.41991424560547,128.33360886194134,126.19739098409005,128.1110856004259,379900
2021-09-29,125.84138488769531,127.13201735160683,125.62775762360337,126.43774572048906,413300
2021-09-30,122.33441925048828,126.3576445696014,122.27210620334445,126.3042275655873,685700
2021-10-01,123.85643768310547,124.65752954615847,121.15056089175563,122.38778964012064,475200
2021-10-04,124.0789794921875,125.07589305428584,123.27790109108008,123.72294766541611,501300
2021-10-05,126.14398193359375,126.94506020653046,123.01976037105085,124.08786926221362,533300
2021-10-06,125.69004821777344,126.25079761551727,123.34909910073597,125.23609206038275,539600
2021-10-07,126.98957061767578,128.0576795344457,126.47331503185963,126.8560620962327,638200
2021-10-08,123.83866882324219,127.95089498009656,123.38471260786612,126.98959271321941,759600
2021-10-11,122.91294860839844,125.55652610921842,122.83284349182628,123.95435586906352,744000
2021-10-12,124.1947021484375,125.19160217856525,122.6548447272414,123.30460895532507,514400
2021-10-13,122.15637969970703,125.1025856337546,119.72641580228587,124.1946868854682,822700
2021-10-14,123.82086944580078,124.47954332371194,121.61344204404354,122.82396937695779,627500
2021-10-15,119.01436614990234,124.76436053891744,118.68502243473841,124.4706281570522,1066900
2021-10-18,119.37928009033203,121.31969007612739,118.07975179335457,118.6850085712909,492700
2021-10-19,118.25776672363281,119.42378648112962,117.5813008747109,119.37927911094236,709400
2021-10-20,120.64321899414062,121.83595413152281,118.25777588286338,118.25777588286338,499300
2021-10-21,119.9400405883789,120.85683535939818,119.04994752278796,120.40289278537404,909700
2021-10-22,119.26358032226562,121.72912845033629,119.24577465723372,120.39398878954626,798900
2021-10-25,119.20124816894531,121.2929720680923,118.48027504082171,119.28135327612776,1647000
2021-10-26,121.07936096191406,123.73183454566433,119.1122628547804,121.28407856806197,1250500
2021-10-27,120.51859283447266,121.23957960943142,118.3200619272545,121.11496712642781,873800
2021-10-28,123.54491424560547,123.6695267254921,120.16255804358582,121.23957657683171,824600
2021-10-29,122.27210998535156,124.09680393253419,121.98728719719261,123.01979866547833,521500
2021-11-01,120.56310272216797,121.86264457070921,120.42068457240464,121.45319578557525,401900
2021-11-02,119.01436614990234,120.84795594420271,118.32008096802002,120.55422356233748,536900
2021-11-03,120.50082397460938,120.94587058278064,118.64942845480758,118.75623529461039,559200
2021-11-04,119.62850952148438,121.78254681708736,119.16567087938574,120.17146686625746,441800
2021-11-05,120.50082397460938,121.89826326175994,120.05577736643812,120.33170409042516,314500
2021-11-08,119.601806640625,121.50660534950765,119.38819298690473,120.95475196840631,539800
2021-11-09,119.44158935546875,120.34057845258462,118.31116737148223,119.29027516576066,549200
2021-11-10,120.56310272216797,120.94584980193909,118.61379674022724,119.33478353025068,724300
2021-11-11,120.2515869140625,121.11497833396187,120.02015400868126,120.63432043951106,323700
2021-11-12,120.24266815185547,121.07046175972134,119.6463074317816,120.63431127112601,258100
2021-11-15,120.00234985351562,120.87463722751258,119.84212604423509,120.59871055892367,496600
2021-11-16,119.77094268798828,120.9814700223628,119.71753926734225,120.1981836349014,403000
2021-11-17,119.79761505126953,120.29606496418612,117.93732391851246,119.6284952061568,596200
2021-11-18,118.03524017333984,120.29607054953664,117.75931350028841,119.64630642444048,781400
2021-11-19,118.4625015258789,119.26359356031854,117.50119923359803,117.83943899803329,942800
2021-11-22,119.5750961303711,120.91914531754144,118.30226959818782,118.86301897966217,997600
2021-11-23,119.89554595947266,121.15947661711454,119.68193229334624,120.03796412471947,422000
2021-11-24,117.59911346435547,119.43270334917561,117.10957305215689,119.28138912954671,730900
2021-11-26,118.88973999023438,119.83323648810904,115.80111589595099,116.17495336218005,694600
2021-11-29,119.00544738769531,120.16257115965544,118.53369912079316,119.82433142801119,670600
2021-11-30,116.23725128173828,118.43578226120324,115.82781607344694,117.82161586702378,1150400
2021-12-01,115.27596282958984,118.40909462545898,115.22255941187944,116.7802224765716,730600
2021-12-02,117.42108154296875,117.99074059059183,115.72991006520297,115.72991006520297,681100
2021-12-03,118.56932067871094,118.99656161013164,116.97604625123971,117.42109284947837,1053400
2021-12-06,121.2217788696289,121.78254185679414,119.6285046489267,119.86883358367501,920900
2021-12-07,120.48300170898438,122.72604010804257,120.37619488389586,121.63121582391422,1176700
2021-12-08,117.6969985961914,121.57780478462469,117.61689348240012,120.76781686053441,608900
2021-12-09,115.01783752441406,117.65250563335759,114.89322502712272,116.94044198126058,1088200
2021-12-10,114.0832290649414,115.73880274617036,113.92301203802018,115.73880274617036,713200
2021-12-13,116.17497253417969,116.68231861430823,114.08324800464956,114.62620541986303,640300
2021-12-14,116.2728500366211,117.18073509512709,115.99692338658059,116.52207498386677,738100
2021-12-15,117.28760528564453,117.37660647216812,115.35610433354947,116.7624398836443,517200
2021-12-16,119.71751403808594,120.25157529548794,117.76820810483319,118.05304439724544,1001900
2021-12-17,116.60576629638672,119.9417164389368,116.19326413063483,119.82513319564727,1976400
2021-12-20,115.73592376708984,115.9959920104016,111.89778939691794,114.93780736028964,1208300
2021-12-21,117.23348236083984,118.23786330589594,116.18427434291002,116.18427434291002,1484300
2021-12-22,117.46668243408203,118.23789714018842,116.30985353318167,117.23351590772423,854600
2021-12-23,117.7446517944336,119.09875517056848,117.57426511672232,117.9598655486131,453200
2021-12-27,119.26914978027344,119.30501418052891,117.30524204190316,117.58323561519217,293400
2021-12-28,119.6995849609375,120.11210080219915,118.94630944226388,119.26914376219244,544500
2021-12-29,120.71294403076172,121.0178393484971,119.82514611719964,119.83412248056175,419300
2021-12-30,120.7667465209961,121.72628691645541,120.18385761326441,121.37655083512027,433500
2021-12-31,122.09391021728516,122.46158522686615,120.51561700440467,120.55148139592353,369700
2022-01-03,120.71294403076172,122.55130598401692,120.10313971181019,122.37195660202438,425800
2022-01-04,123.77983856201172,125.38504736208805,120.82950282754018,120.82950282754018,754400
2022-01-05,124.63177490234375,125.86034613591411,123.34043754694471,124.40758476935031,864800
2022-01-06,122.82928466796875,125.73479356406912,122.45264690646151,125.51060344292344,709900
2022-01-07,123.61846923828125,124.7483828058348,122.93692234185126,123.08937002039941,547000
2022-01-10,121.93252563476562,124.39861699672223,120.6232492909596,124.0847453499906,537700
2022-01-11,121.87872314453125,122.49749008043891,120.71293175491326,122.49749008043891,503800
2022-01-12,120.16593170166016,122.25538573819195,119.26917101731941,122.07603633802022,612700
2022-01-13,122.99067687988281,123.45699609458634,120.17484992019106,120.551487626248,590600
2022-01-14,123.1341781616211,123.43011075925594,120.9012533448437,121.8787189748177,730900
2022-01-18,120.47977447509766,122.84722156575258,119.31398312878359,122.64095680579227,738200
2022-01-19,122.96381378173828,123.1700785797091,120.82055641335786,121.55590670146663,491200
2022-01-20,121.25994873046875,123.61843308464503,121.19716893111298,122.78443875357814,443500
2022-01-21,120.63224029541016,122.92794525255879,119.95966984233235,121.51106185605717,662900
2022-01-24,122.4705810546875,122.82927976079853,118.1840535208332,118.81179678174527,922200
2022-01-25,121.08958435058594,123.32252320064642,119.73548075244189,120.56049887351121,953800
2022-01-26,119.62783813476562,122.4167636717702,118.31857554513046,120.69498525585912,915900
2022-01-27,128.67617797851562,134.28093149149836,127.42070498151934,127.61799339985475,2031200
2022-01-28,130.5234832763672,131.65339649170966,128.46093155141153,129.10660015545815,1442800
2022-01-31,135.0790252685547,135.3749578465984,131.25881715515237,132.06590973622008,2080300
2022-02-01,134.02987670898438,135.1508277216989,132.06596834535105,135.0342444376617,761900
2022-02-02,132.0569610595703,134.03880800674645,131.68032324950352,133.7966788133175,658400
2022-02-03,132.88197326660156,133.7877101899961,130.97188257779374,131.75205988659636,713500
2022-02-04,131.52784729003906,133.66214143801832,130.9449584987146,132.20938027350064,610800
2022-02-07,133.07028198242188,134.20019521788657,130.76561475251438,131.51889024282417,875000
2022-02-08,134.96246337890625,135.5005251847059,132.68469759244533,134.44234061556128,806900
2022-02-09,135.4646453857422,136.5317926208713,135.26735697167732,135.26735697167732,473400
2022-02-10,133.35726928710938,136.1192797784989,133.04339761680225,134.6844710884041,675900
2022-02-11,132.53225708007812,134.2002325199508,132.00317155411673,133.12412242275474,749500
2022-02-14,131.84170532226562,132.81020810433287,130.55933095660635,132.81020810433287,1023500
2022-02-15,132.78330993652344,134.1463757994201,132.07486160611194,132.98956098307755,693900
2022-02-16,133.1599578857422,133.50969389745944,132.03003101444193,132.2721601559317,409400
2022-02-17,133.19581604003906,134.29882745861966,132.72949681844088,134.29882745861966,740500
2022-02-18,133.14205932617188,134.21816940605655,132.32600382289553,132.7923232081223,465700
2022-02-22,133.67112731933594,134.4782200360511,132.65778350452388,133.66216463975965,450700
2022-02-23,130.26341247558594,134.13742402214274,130.21858540178397,133.96703735456575,612800
2022-02-24,130.91807556152344,131.39335755086998,126.53291708833073,128.55062829409695,1003300
2022-02-25,134.17330932617188,135.1776904485394,131.64445168655027,131.64445168655027,799100
2022-02-28,131.99417114257812,133.31241008195533,129.96748379398218,132.281127367512,708900
2022-03-01,128.34437561035156,132.06594039502536,127.99463951574185,131.78794679206393,724700
2022-03-02,132.0749053955078,132.29013287423388,128.82863627140767,129.1245689233505,745100
2022-03-03,133.30343627929688,134.29884093255922,132.19146207154773,132.88195777039886,491800
2022-03-04,134.16433715820312,134.40646632133942,130.60419692613337,131.1960621322536,550400
2022-03-07,130.1827392578125,134.52305743106967,130.03029159244602,133.82358523304399,706700
2022-03-08,126.26390838623047,131.59963177605908,125.66308036358082,130.82841703228087,953000
2022-03-09,132.40667724609375,133.3303394307996,128.27261095316146,128.9541576643082,990600
2022-03-10,133.6262664794922,134.28091144417985,130.89115812027575,131.37540273077138,692600
2022-03-11,134.2898712158203,135.3480419301193,133.42897520265473,134.54096303560237,578400
2022-03-14,136.25799560546875,137.31427131096774,135.0302152632622,135.86077984647576,746700
2022-03-15,137.5399169921875,138.07255922446961,134.58779294768445,137.01629769121828,924600
2022-03-16,140.2392578125,140.77190008421667,137.87395473944252,137.99132173253793,753600
2022-03-17,141.06985473632812,141.2504236214125,138.0093994805651,139.40872568713792,537300
2022-03-18,141.25941467285156,142.18928636417982,139.01146480544912,142.18928636417982,1367200
2022-03-21,141.1330108642578,142.41496963517605,139.7336851111642,141.55732281085008,506600
2022-03-22,138.54200744628906,142.26149375693632,137.8739386201526,142.26149375693632,994700
2022-03-23,137.96424865722656,139.20106542170848,137.33228521287822,138.0816018829307,410700
2022-03-24,138.09063720703125,140.1309357676685,137.75659584753134,138.93022452109784,370700
2022-03-25,140.9524688720703,140.9524688720703,137.41353719585885,138.62327130332255,441400
2022-03-28,140.09481811523438,141.01566693448734,139.30037300542932,141.01566693448734,390300
2022-03-29,141.1871795654297,141.39481719066194,139.5531335822114,141.3587116897176,480500
2022-03-30,141.6205291748047,143.06499732114156,140.90733180941245,141.18719424109128,473300
2022-03-31,140.93441772460938,142.72193642211062,140.93441772460938,141.2052572304052,541500
2022-04-01,140.6184539794922,141.9816746152428,139.39969671083045,141.9816746152428,621500
2022-04-04,140.07679748535156,140.49207286803517,138.00940217975915,139.84206344033967,752900
2022-04-05,139.10177612304688,140.49206557510388,138.5239915256961,139.65247814360555,396300
2022-04-06,137.63018798828125,138.6684036615965,135.644054832352,138.2350549990366,623300
2022-04-07,136.59201049804688,137.90105210003995,135.4815836246839,137.2600656984663,1042900
2022-04-08,138.43370056152344,138.94829704726286,136.76354871101663,137.53994801856453,485000
2022-04-11,139.85107421875,141.6656754989096,139.11078048401242,139.11078048401242,411000
2022-04-12,141.71080017089844,142.6316488713131,139.53507522526297,139.8510569071651,517800
2022-04-13,144.07611083984375,144.41917510998672,141.85525734225675,141.85525734225675,599200
2022-04-14,147.17269897460938,148.30118547256575,144.3559873083907,144.67196903800647,604000
2022-04-18,145.1594696044922,148.3463281582649,144.4914144118831,146.98310764810748,670900
2022-04-19,148.00326538085938,148.3643755548894,145.3039206821599,145.70115013887502,642200
2022-04-20,150.73870849609375,151.47898845067394,148.94215309244865,148.96021273294167,690400
2022-04-21,149.8900909423828,152.11998138580282,149.79980651149103,151.00955451827843,466700
2022-04-22,145.51153564453125,149.42061396945584,145.4483475728945,149.1768708389696,453300
2022-04-25,146.51364135742188,147.24491212167473,143.22748948621,144.87057230955037,662600
2022-04-26,143.94070434570312,148.84284282021298,143.6337593406758,145.90877808137523,750000
2022-04-27,145.93589782714844,147.73245365326142,143.6789243762153,145.1233928950016,586400
2022-04-28,147.0192108154297,147.46156865924388,144.45527929561683,146.6129446990318,565200
2022-04-29,145.5024871826172,147.8948860628654,144.82539549913542,147.40737233649782,636700
2022-05-02,144.50946044921875,146.54073596076518,142.73998772017652,146.42336896750362,612600
2022-05-03,145.9720001220703,147.05534449729703,144.72614651405047,145.10531635660627,783200
2022-05-04,149.5109100341797,149.6102173906036,146.22475811542787,146.41433612057503,559400
2022-05-05,147.19976806640625,149.384516073291,145.84558439288912,148.0574149712067,481900
2022-05-06,146.6761474609375,147.47962921594092,144.82542703466913,146.49559239445318,483700
2022-05-09,145.15045166015625,147.56089725722455,144.68099740225117,145.51156184287066,494100
2022-05-10,144.64486694335938,146.78447264658104,141.5482932476248,146.15252304810502,805000
2022-05-11,143.38999938964844,146.54073841732261,143.1643021068042,144.15736188603745,490900
2022-05-12,141.2955322265625,143.74209701100312,139.5350960479642,143.74209701100312,642400
2022-05-13,140.29342651367188,144.1573629216866,139.57120622375695,142.14414700138417,695800
2022-05-16,140.41983032226562,140.93442679393965,138.86704552508263,140.57331661328695,743900
2022-05-17,143.30873107910156,144.10317603322503,141.34968059860427,142.62260262155823,539100
2022-05-18,136.33924865722656,142.2976499779626,135.8427117699639,142.2976499779626,780800
2022-05-19,135.8607635498047,137.47675029793513,133.82045096305438,135.91492870246688,871700
2022-05-20,134.5697479248047,137.4677071452336,132.56555491825813,137.2781153633304,874100
2022-05-23,138.07257080078125,138.63229564939832,135.61698328195914,135.90586863833707,537300
2022-05-24,136.97117614746094,138.15382777484837,133.52251485112316,137.77465797048924,554500
2022-05-25,138.43370056152344,139.52608161738195,136.41146145384204,136.41146145384204,574800
2022-05-26,141.2052459716797,141.9906680779409,139.3906310703611,139.3906310703611,501700
2022-05-27,144.35597229003906,144.42819707145063,141.37677926575628,142.28859130207374,689700
2022-05-31,141.9906768798828,143.75111297311517,141.18719508474246,143.07402110837432,1292200
2022-06-01,142.16221618652344,142.8122255114659,138.93925213572788,141.75596380230186,621800
2022-06-02,144.1663818359375,144.35595981722776,140.7448037114763,143.20039096542467,602800
2022-06-03,143.6518096923828,144.59974108501797,143.01083708983222,143.37194725108864,327200
2022-06-06,145.20460510253906,145.53864645886097,143.43514606424682,144.5184903005132,547400
2022-06-07,146.52268981933594,146.85671741496725,143.71501485815205,144.13029017561746,530200
2022-06-08,144.1031951904297,147.09142497903292,143.2726308515633,145.51154401613658,497200
2022-06-09,140.9795379638672,143.52539586040174,140.86217098203994,142.52329948798123,525500
2022-06-10,136.77255249023438,138.74062617126816,136.46560749372853,138.74062617126816,585200
2022-06-13,129.7036895751953,134.5245793654769,129.06271712120946,134.21763442200577,696600
2022-06-14,134.08425903320312,134.33925753854643,129.51249018999374,129.67641184498174,956700
2022-06-15,134.08425903320312,136.07872254714817,132.2719492199687,135.20444592779296,750600
2022-06-16,128.82032775878906,131.74372207416394,127.59087376910341,131.72550392647506,554200
2022-06-17,127.20838165283203,130.17731484443212,126.37052738356134,129.44874168529932,1115400
2022-06-21,127.05355834960938,129.37587914586112,126.38874178867613,127.86409231732645,794400
2022-06-22,124.40337371826172,126.75300050740282,123.6474804286429,125.26854809675935,628200
2022-06-23,123.67478942871094,124.77674403146814,121.84424797858608,123.9480060223805,586100
2022-06-24,128.04623413085938,128.182835501796,124.29408768475284,124.55820219706428,1185100
2022-06-27,129.03890991210938,130.08622416329862,128.05533833626717,128.44693820356161,622500
2022-06-28,126.54353332519531,130.28656326852325,126.47067463792297,129.31210785604972,543300
2022-06-29,126.51622009277344,127.49979158110692,125.66014784016609,127.49979158110692,542300
2022-06-30,125.2230224609375,125.5690978062153,123.38337853088976,124.96802396327257,867800
2022-07-01,126.36138916015625,126.85316791167264,122.78229486177096,124.6583608305669,897600
2022-07-05,124.91336822509766,125.06818773011436,123.03730212194029,124.86782980682823,660500
2022-07-06,126.11549377441406,126.67102909034911,123.38335561008567,125.45067737874535,607700
2022-07-07,128.94784545898438,129.4942787968732,127.13553555119462,127.29035508777514,733500
2022-07-08,127.32675170898438,129.53979099329038,126.7347939597874,129.53979099329038,599600
2022-07-11,125.52355194091797,127.61819424445267,124.86783758683103,126.0790873271201,476700
2022-07-12,125.7967758178711,127.00802562793581,125.52355917186668,125.52355917186668,685200
2022-07-13,124.76763916015625,125.37781499797329,123.45621065651304,123.82050407217666,486000
2022-07-14,123.34696197509766,124.0755351014,121.86249544618957,122.44535116795615,501600
2022-07-15,123.67478942871094,125.29585694907763,123.20121492610856,125.18657587015909,475900
2022-07-18,122.29965209960938,124.91340806098113,121.85341158883219,124.52179421462425,710200
2022-07-19,125.93338012695312,126.52533796010883,123.19213926959377,123.51088045037906,452800
2022-07-20,126.61640167236328,126.88961829638556,124.97711582460433,125.62372803824458,398800
2022-07-21,129.20281982421875,129.2756785154087,125.9789026432154,126.4160408939808,580200
2022-07-22,128.95692443847656,130.25923693487215,128.7201302417697,129.75834216842267,466800
2022-07-25,131.06065368652344,131.39761290190413,128.6108345675078,129.24833060864887,1014800
2022-07-26,124.70388793945312,129.19370894213844,122.28140262936247,128.72013442968998,1101000
2022-07-27,126.88961029052734,127.20835141813069,124.17569016158504,124.75854577108353,720900
2022-07-28,127.64547729492188,128.92958535524576,125.98797374533429,127.83671915287674,593900
2022-07-29,128.05531311035156,128.82030844207205,126.98066489985311,128.41959263125474,1341900
2022-08-01,126.443359375,128.2647849398247,125.99711900529748,127.27211134212506,874900
2022-08-02,125.77852630615234,126.37048397791033,124.731212303389,126.01530659558105,939800
2022-08-03,126.7256851196289,127.5362189849279,124.95891389703475,126.93515907655309,523100
2022-08-04,125.44158172607422,126.98067463176466,125.15924909490711,126.13371842738543,956600
2022-08-05,123.14657592773438,125.51443457400495,121.84424950337353,124.65836238810138,999200
2022-08-08,125.65104675292969,126.58907982988723,123.72034005416263,124.48533547483925,591500
2022-08-09,126.53441619873047,126.55263434248207,125.11370670629074,125.54174275803501,608600
2022-08-10,128.57443237304688,129.84943868976862,128.32854991107834,128.72926578500875,458400
2022-08-11,129.37586975097656,129.98604571415092,127.81855850523885,128.89319303538528,516500
2022-08-12,131.0697784423828,131.22459794365264,129.30299346873161,130.1772838306733,369200
2022-08-15,130.52334594726562,130.77834438200827,129.33030068198175,130.09530988258211,357400
2022-08-16,132.7454833984375,133.20083976644358,130.09531989788601,130.2319212497384,419400
2022-08-17,131.5889129638672,132.25372949513707,130.6508797811624,131.1335565102677,408400
2022-08-18,132.1808624267578,132.49050146047222,130.28657803214418,131.3065719767918,440800
2022-08-19,130.3867645263672,132.1899721815437,129.91318992628888,131.61623250275522,590400
2022-08-22,127.8731689453125,128.47424264083446,126.84405918446784,128.44690847615394,427100
2022-08-23,128.52890014648438,129.40317664051318,128.03710745926563,128.03710745926563,386300
2022-08-24,127.46340942382812,128.5471463214487,126.82589914756103,128.21018692701753,511800
2022-08-25,130.741943359375,130.76926363501153,127.8094466724587,127.9733822226542,376800
2022-08-26,126.53441619873047,130.92404388956675,126.37959671777199,130.92404388956675,354800
2022-08-29,125.55998229980469,126.57087416840925,124.64016727918741,125.62373887267097,369900
2022-08-30,126.7256851196289,127.28122050346586,124.35784009228492,125.87872885542461,639000
2022-08-31,124.69478607177734,126.9442476400763,124.65836367676326,126.70746733155086,1149000
2022-09-01,124.29409790039062,124.55821243440944,123.01910534560652,124.11195809204669,797300
2022-09-02,123.9571304321289,126.6892690672683,123.40159502046221,125.66927509032315,637200
2022-09-06,124.02086639404297,125.34141111331094,123.46534490882328,124.23944247571748,749800
2022-09-07,126.77118682861328,126.99886497086882,124.18476646771931,124.18476646771931,516100
2022-09-08,127.05355834960938,127.13553307616075,124.23035654915039,125.54178541745146,747900
2022-09-09,127.11729431152344,127.86407158152593,126.66193791145194,127.58175283690153,580300
2022-09-12,129.39407348632812,130.45960577166267,128.09174698444755,128.10996513103746,397200
2022-09-13,125.4780044555664,127.52710818997177,125.16836544860826,126.91693230106928,613900
2022-09-14,120.27783966064453,125.67835960228021,119.79514911808786,125.33228431015897,879100
2022-09-15,120.83338165283203,122.30874600953851,119.9864253208279,120.21410354724314,648200
2022-09-16,107.5278549194336,114.139631479416,106.18910605520297,114.11231120842139,2643600
2022-09-19,113.01946258544922,113.06500100693823,107.82840215233108,108.15625933212671,1215200
2022-09-20,108.74821472167969,111.23445668184044,107.24553726816315,111.23445668184044,958400
2022-09-21,107.55518341064453,111.65339112953758,107.50965193823598,109.44035868340784,767900
2022-09-22,105.53339385986328,107.63714509476507,105.41500370046711,107.47321651734659,537700
2022-09-23,103.79395294189453,104.54984633551965,102.41877448272649,103.91234312053207,812900
2022-09-26,102.83769226074219,104.53161869958207,100.84323586522109,103.51162476526993,964200
2022-09-27,103.1746597290039,105.14179587420988,101.75394990478915,104.3039417188108,690900
2022-09-28,105.46965789794922,105.97966184271502,104.03983893409666,104.36769613137898,923100
2022-09-29,104.02162170410156,104.35858100808612,101.98162688784521,103.63912397883867,877800
2022-09-30,103.39547729492188,106.22230142132298,103.08240514074083,104.44517700146379,1133400
2022-10-03,105.89081573486328,106.9221027301751,103.69933877302708,105.0252711669218,843100
2022-10-04,108.7821044921875,109.04913437248806,107.30884224317455,107.78764983970306,597100
2022-10-05,108.09149932861328,109.22407371928922,106.2591298433592,107.06021236413876,668200
2022-10-06,106.73794555664062,108.41378261157332,106.37883811808848,106.94052042455583,785900
2022-10-07,104.70301055908203,105.62380038761154,103.90192087923657,105.5041002389275,583700
2022-10-10,105.10814666748047,106.07497164670679,104.36230222628534,105.71586422227016,478100
2022-10-11,105.35675811767578,106.74715256243978,103.35864611050901,104.17814839962475,505600
2022-10-12,104.52804565429688,105.96448239084552,104.50042308677888,105.96448239084552,579600
2022-10-13,106.61824798583984,107.38250517862326,101.80251441241049,102.83380148068697,449900
2022-10-14,104.70301055908203,107.69557750180293,104.62014284654744,107.41934476828541,554300
2022-10-17,106.75635528564453,107.68634778295208,105.90922346052612,106.73793555843132,547500
2022-10-18,107.4561538696289,108.4506084195186,106.53536418085721,106.53536418085721,734200
2022-10-19,105.33834838867188,107.17071801691046,104.67537864728129,107.02339531052824,347900
2022-10-20,103.9295425415039,106.563001812074,103.60726050606544,105.33834974759922,448700
2022-10-21,107.67716217041016,107.92577232702013,104.02162551628217,104.27944553797212,617400
2022-10-24,107.0694351196289,108.64398480961539,107.06022525475595,108.14675748250357,684000
2022-10-25,106.74715423583984,108.39536870413188,103.12845029709098,105.43963449844665,782200
2022-10-26,107.1430892944336,109.79496108260918,105.67903002877746,106.62744931411085,1024200
2022-10-27,109.80416870117188,112.02327518909388,107.15229696722454,107.32724222836066,1262500
2022-10-28,111.13931274414062,111.56288218349043,108.86496811148763,109.41744052033073,858500
2022-10-31,110.6881332397461,111.61813283943785,109.03071593121193,110.3658582373979,863000
2022-11-01,111.03802490234375,112.71386887552704,109.51872753995566,112.11535417439984,831500
2022-11-02,109.1504135131836,112.60337493981729,108.67159892798563,110.31981335864027,881500
2022-11-03,111.62733459472656,112.34554941209068,108.60713858122128,108.86496558943836,1012700
2022-11-04,114.63831329345703,115.43940283103807,112.74148883156283,113.82802091727461,990000
2022-11-07,112.89803314208984,115.25525268189128,112.52050596810095,115.24604984233181,768000
2022-11-08,111.97724151611328,113.79119843882162,111.5536790761769,113.38604870276583,1154100
2022-11-09,110.50397491455078,111.71020718499638,109.97912506156389,111.40634489509135,791500
2022-11-10,115.17239379882812,115.20922623509281,112.3087368611363,114.15031652395707,1397300
2022-11-11,119.21463775634766,119.93285256323375,115.03425187965755,116.0194965295006,764700
2022-11-14,119.47246551513672,121.59948750865613,118.48721377607184,119.01207065766029,850400
2022-11-15,119.86839294433594,122.34531941391081,119.1041498795,121.24037461581007,786400
2022-11-16,119.58295440673828,120.28276357412449,118.99364955796538,119.67503899722674,758500
2022-11-17,119.22383880615234,119.39879108599843,117.1152367099059,118.25700687288472,664200
2022-11-18,118.8187026977539,121.15751652177212,118.51485444555088,120.68791880914004,928100
2022-11-21,120.9365234375,121.52582832058438,117.57564644102662,118.21099362203599,776100
2022-11-22,122.7596664428711,122.99906666176352,121.35084554090719,121.76521206802589,513400
2022-11-23,122.7873306274414,123.89227562400447,121.94019161160053,123.24772554685417,303400
2022-11-25,122.43742370605469,123.11881323210991,122.11514164842939,122.50187168749716,232100
2022-11-28,119.79474639892578,121.55344405969754,119.52770951604666,121.488996086333,507700
2022-11-29,122.17958068847656,122.75046577441454,119.87760656758473,119.87760656758473,837200
2022-11-30,125.12612915039062,125.80751868108113,121.3877246971666,121.8665393417096,1396900
2022-12-01,125.37472534179688,126.12056272946491,124.10403109605998,125.78907788493073,676000
2022-12-02,126.90326690673828,127.62148188290776,123.99356753910178,124.55524992304339,814200
2022-12-05,124.8406753540039,126.056110511731,124.41710588910512,125.90879483058649,526300
2022-12-06,124.15006256103516,125.76144434944489,123.08194326068566,125.07085215441215,440100
2022-12-07,124.49076080322266,125.13531076338252,123.77254598331089,123.87383340920282,463700
2022-12-08,125.19058990478516,125.95483309001578,123.89227288867268,125.1721701743767,556800
2022-12-09,124.40792083740234,126.35999088050274,124.03039361581753,124.9327637611947,653400
2022-12-12,126.26790618896484,126.28631186834396,123.62522998382029,124.76701436148763,595500
2022-12-13,125.68779754638672,129.32491415253696,124.84067268483767,129.09471672113332,713400
2022-12-14,124.61046600341797,126.69144557078369,124.03958091195815,125.4760105292668,636100
2022-12-15,122.35455322265625,123.16483869324242,120.84445851139532,121.70078628204755,709500
2022-12-16,121.37852478027344,122.09426977457002,119.99351431819098,121.89906143664909,1097000
2022-12-19,119.54734802246094,122.41960419103923,118.7572456748824,121.65739381582452,552200
2022-12-20,118.87808227539062,120.42111185443105,118.45979488394399,119.88198052499907,403700
2022-12-21,119.38001251220703,120.15152722549213,119.01749491763302,119.66817988843303,448400
2022-12-22,118.43191528320312,118.76654095621008,116.03371616615179,118.37613842788471,659400
2022-12-23,119.63099670410156,119.90056944772535,117.98572500562511,118.48767410646032,302600
2022-12-27,120.43040466308594,121.49937711249649,119.38002686227728,119.56594498117379,334200
2022-12-28,118.06008911132812,121.39711911809171,118.05079178769368,120.55123996185775,257900
2022-12-29,119.56594848632812,120.30027401667662,118.9896278312637,119.15695130646354,287100
2022-12-30,118.89668273925781,119.62171803551229,118.10657326288643,118.43191579634794,367600
2023-01-03,119.96565246582031,120.52337852388139,118.34826533607489,119.29638686957216,508600
2023-01-04,121.5830078125,122.47535219980489,120.69064924163682,121.10893655965837,597900
2023-01-05,120.72785186767578,121.1554294636204,118.85018966095062,120.48616400743242,577100
2023-01-06,122.87506103515625,123.42348250947283,121.82468342428393,122.15931612080158,514100
2023-01-09,123.14463806152344,125.93323955683412,122.86577507528023,124.80851156318612,804600
2023-01-10,123.37702178955078,123.72095895287993,122.03849079950176,123.38632620536767,466600
2023-01-11,124.16714477539062,124.61331709292278,123.2840903735966,123.89757199136747,461700
2023-01-12,126.38871765136719,126.5188518219253,123.83249958546386,125.10595641046532,509800
2023-01-13,125.85887145996094,125.97971539328913,124.66906932484713,125.72873729466912,568900
2023-01-17,124.09276580810547,126.46307990182633,123.82320723925152,125.92394858055786,594000
2023-01-18,121.68526458740234,124.74342433314013,121.65737971005208,124.71553945578987,530300
2023-01-19,120.6256103515625,121.29487585084411,119.24989005661655,121.29487585084411,718500
2023-01-20,123.14463806152344,123.38632593526252,120.17942286880668,121.17403087690995,491800
2023-01-23,122.74494171142578,124.52035468193766,122.08496646951541,123.1725193186689,684900
2023-01-24,120.8672866821289,121.96414401238987,119.7797337679471,121.45289755267336,671400
2023-01-25,120.04927825927734,120.9044617916659,118.17162320278038,120.25377681916684,877800
2023-01-26,128.8519744873047,129.03789259944827,118.5155628756357,118.5155628756357,1253300
2023-01-27,128.6567840576172,130.42289270571413,127.39261744960685,128.85197822404382,706500
2023-01-30,128.91705322265625,131.03638928728995,128.02469447691314,128.02469447691314,760900
2023-01-31,132.64447021484375,132.64447021484375,128.08045585996143,130.32063571849554,3179300
2023-02-01,132.13320922851562,133.01627758666635,129.6141808548522,130.47864038412573,897900
2023-02-02,134.86605834960938,135.1914008595749,131.34313141754268,132.17041594883392,895600
2023-02-03,134.24327087402344,135.93502921300353,134.20609576246312,134.32692551270435,857900
2023-02-06,132.542236328125,133.26727164053383,132.02169960983784,132.9326388668404,524100
2023-02-07,133.2765655517578,133.89004710220422,130.7668128551035,131.99380432311767,630200
2023-02-08,131.8171844482422,133.14642514296696,130.5344232797145,132.66306360092523,781100
2023-02-09,130.2277069091797,133.15573306225477,129.8372901841119,132.56083192516553,606500
2023-02-10,130.06036376953125,130.3392267380433,128.59169870669032,129.85586520485975,554800
2023-02-13,132.0681915283203,132.21692037136904,129.53056769689016,130.47868215830871,424500
2023-02-14,132.57940673828125,133.21148289655892,131.06426214776303,131.9287217495651,422500
2023-02-15,132.55152893066406,133.23937488271096,131.4174965310856,131.88226344292724,351700
2023-02-16,131.5104522705078,132.4957559356617,130.56233790416826,131.3431429765285,275500
2023-02-17,131.07354736328125,131.51973376993575,130.21837802586566,131.38959961388466,394300
2023-02-21,124.71554565429688,129.66996240744731,124.23218411693686,129.4840584880196,585000
2023-02-22,125.22679901123047,126.08196843484467,124.3809198198566,125.13383995458429,589800
2023-02-23,127.71794891357422,127.82019820729637,124.58542428959052,125.90536069173739,504300
2023-02-24,128.0897674560547,128.2849616218967,125.72874353261375,126.21210510634796,597400
2023-02-27,127.22530364990234,130.1998235538036,126.3887287916564,129.4283086947909,624400
2023-02-28,127.08589172363281,127.83881200675715,126.4538012176906,126.73266425903088,682000
2023-03-01,128.92633056640625,129.75361505118192,126.73263031030137,126.76051518860933,479200
2023-03-02,131.07354736328125,131.32452544407948,128.41508030375834,128.48015447356352,964700
2023-03-03,132.3098602294922,132.8675862779357,129.9116609148853,131.6498990618487,647600
2023-03-06,128.0525665283203,131.84506599652315,127.50414501030511,131.84506599652315,951100
2023-03-07,127.59710693359375,128.8240841571817,127.09515074573869,127.78301085431193,637900
2023-03-08,128.3407745361328,129.0379250814795,127.44841559732083,127.64362399078614,549400
2023-03-09,126.0447769165039,129.27955026019532,125.97041251757827,128.75901365127473,642100
2023-03-10,123.08885955810547,125.63578718233197,121.79680819106042,125.63578718233197,558900
2023-03-13,121.48078155517578,124.10205964598754,120.43970817823619,121.71316501849701,836300
2023-03-14,123.2733383178711,124.2775369303569,121.76233610462845,123.34840654265685,788200
2023-03-15,120.59857940673828,121.48078142286637,119.24712221782133,120.79567288034342,938300
2023-03-16,121.22736358642578,122.10018553905101,119.03125310515637,119.13448980233721,794600
2023-03-17,119.49114227294922,121.4995610900282,118.4681693873062,121.4995610900282,4941800
2023-03-20,125.2911376953125,125.98564054279794,121.46201356638515,121.46201356638515,961200
2023-03-21,124.78433227539062,127.2807587194936,124.25875449294391,126.98044287862578,819500
2023-03-22,122.68207550048828,125.54453496482624,122.54130467459117,125.11281389785576,523800
2023-03-23,123.01992797851562,124.26814835677379,121.78108754757177,122.38173354788478,556800
2023-03-24,124.96265411376953,125.14097338117168,121.2555408954439,122.33483644847132,470100
2023-03-27,124.11799621582031,125.67592686422817,123.90214284084604,125.60084431629544,545400
2023-03-28,126.24842071533203,126.43611992780248,124.18370073709318,124.18370073709318,332200
2023-03-29,128.26622009277344,128.45391931663238,126.4924359343206,127.59049143045493,497400
2023-03-30,129.12026977539062,129.56137083371502,128.51022938893647,129.49566822818315,492800
2023-03-31,130.29339599609375,130.6031061357318,129.58013327241724,129.80536659540365,572100
2023-04-03,131.67300415039062,132.18918770378738,130.10569359409962,130.10569359409962,843500
2023-04-04,130.38723754882812,132.59274262486562,129.73967742913888,131.6542322640891,1159900
2023-04-05,131.75746154785156,131.8043899273508,129.598884975664,130.3778502496527,653400
2023-04-06,132.47073364257812,133.09954819560915,131.12867068079592,132.0671810553676,703400
2023-04-10,132.2830352783203,132.95876389797883,131.27883661777878,132.09533606631115,478900
2023-04-11,134.43222045898438,135.53965573856613,132.98690657822263,133.22153415310325,597100
2023-04-12,133.44680786132812,135.75553562987568,133.04324090698407,135.26752048952804,480300
2023-04-13,133.65328979492188,134.30086436053512,131.75749448931418,133.6063614036898,420700
2023-04-14,132.48011779785156,133.98172569021347,131.1661947814378,133.13707214579307,508100
2023-04-17,134.103759765625,134.1694623720283,132.12350211173347,132.88369329706754,454800
2023-04-18,134.0943603515625,134.7513147175675,132.95875655276507,134.26328533687902,429000
2023-04-19,133.61570739746094,134.23512763502626,132.733505420419,133.85033497346015,780700
2023-04-20,134.52606201171875,134.7231554743555,132.35810552536745,133.72833685469047,566000
2023-04-21,134.42282104492188,134.7794595276575,132.48949219320158,134.37589266763612,480700
2023-04-24,135.99952697753906,136.24353449291317,134.83576908465344,134.83576908465344,822500
2023-04-25,126.11702728271484,129.76783202544323,125.4788327885901,126.36103482193602,1351000
2023-04-26,123.96783447265625,126.24842217612975,123.64874437571116,124.64356310179416,799600
2023-04-27,125.11280822753906,125.14096239144249,122.16588640122215,123.89274194977695,930200
2023-04-28,126.94291687011719,127.72188225323566,124.94389937227932,125.3568462568754,645600
2023-05-01,129.65518188476562,129.96489197754897,126.42671873928268,126.42671873928268,924500
2023-05-02,125.33805847167969,128.7823896927876,123.55488023762084,128.7823896927876,919200
2023-05-03,125.43192291259766,127.65620254116088,125.11283277872235,125.94810655300405,917800
2023-05-04,124.86881256103516,126.19211567231594,124.00538470474388,125.63838364837925,657000
2023-05-05,127.04613494873047,128.15358455132676,125.96685383007126,126.3234923272595,536300
2023-05-08,127.6655502319336,128.4726696328421,126.47363818535855,127.61862185456667,439800
2023-05-09,125.15037536621094,127.54356557890252,124.72803420346949,127.53418562970965,651900
2023-05-10,125.08466339111328,126.37041804035091,123.1231801167428,125.99501961329136,601700
2023-05-11,124.20243835449219,124.97202360426411,123.56425828246323,124.25874667607951,454300
2023-05-12,124.27753448486328,125.2441989659345,123.14194502055133,124.80309797120907,323400
2023-05-15,122.41929626464844,124.20246025852545,121.73418769696288,124.20246025852545,685300
2023-05-16,119.1908187866211,121.84680489221988,119.02188663106406,121.43385803191025,808500
2023-05-17,121.03031158447266,121.24616497403484,119.17205777901434,119.65069294383467,490600
2023-05-18,121.28369140625,121.3587739545001,119.53806870116381,120.6548911752538,398800
2023-05-19,121.49015045166016,122.66328827819324,120.57979435262807,122.25034147196878,399700
2023-05-22,121.1335220336914,122.27849133726548,119.93222292691284,121.18043608868007,679500
2023-05-23,120.06362915039062,121.61217265721565,119.80084739849609,121.0021323384715,619600
2023-05-24,119.57560729980469,120.19502756860963,118.5056989118447,119.54744597464158,474600
2023-05-25,119.50052642822266,119.98854866723741,118.16784342911905,118.95618869835808,513600
2023-05-26,119.37852478027344,121.10538054826428,119.20021266613799,120.01671216415406,355600
2023-05-30,118.61831665039062,119.51928568224417,117.14485576075533,119.18142140026593,430500
2023-05-31,116.4034423828125,118.43062825964556,116.10311934479272,118.05522267205433,893500
2023-06-01,117.15425109863281,117.895675149488,114.68596424521554,117.18240526406457,891300
2023-06-02,120.20439910888672,120.27008738220876,118.12090512902552,118.59954737959869,919900
2023-06-05,119.33158111572266,120.6642711281164,118.59954425780029,119.88529873277393,844000
2023-06-06,121.60277557373047,122.16587311107189,119.14386906959253,119.14386906959253,507900
2023-06-07,124.68110656738281,124.94388832151424,121.57462525866583,122.20343979947837,515800
2023-06-08,122.77593994140625,124.9251225008267,122.3160646805024,124.9251225008267,646600
2023-06-09,122.75713348388672,123.38593358128911,121.2649057458484,122.6632767383818,408100
2023-06-12,122.79469299316406,123.33903072454022,120.65489050184077,121.91249095681412,517600
2023-06-13,123.84583282470703,125.91993269106355,123.30149510000098,123.4891943070127,843900
2023-06-14,124.4616928100586,126.64091229818274,123.98795007166122,124.8406812177841,610300
2023-06-15,125.69342041015625,126.19558653064506,123.71317933445661,124.05426020952346,461700
2023-06-16,125.46602630615234,126.8398773691911,124.40484718835378,126.05346268100782,1738200
2023-06-20,124.76487731933594,125.83554050597114,123.91214619594125,124.46168949273273,688800
2023-06-21,124.74593353271484,125.77868916795214,122.82253929186736,124.0542587685826,600400
2023-06-22,123.94055938720703,124.39534831836662,122.71830961675332,124.39534831836662,542300
2023-06-23,122.05506896972656,123.59946024956402,121.86556033491843,122.81304567904307,837000
2023-06-26,124.0447998046875,124.5659197206779,122.39616983159458,122.39616983159458,442600
2023-06-27,124.74593353271484,125.54181781358689,122.91727915912539,124.07321252502626,473600
2023-06-28,122.6046142578125,124.69856351160936,121.18339327897023,124.36693781351434,875400
2023-06-29,124.93543243408203,125.06807981922744,121.97928244656683,122.12139948155095,881200
2023-06-30,125.21968078613281,125.78816338275371,123.50473443148339,124.59433691811725,648800
2023-07-03,125.64604187011719,126.48930331391072,124.85962723821174,124.99227461844397,363500
2023-07-05,123.20152282714844,123.78895913646153,122.20666028647207,123.76053573165474,784800
2023-07-06,123.31522369384766,123.69422654267885,120.99388726749312,122.45302293490253,695400
2023-07-07,125.54183197021484,126.65985794930175,123.00257770467269,123.00257770467269,701900
2023-07-10,125.00175476074219,126.02504083306404,124.03532996256158,124.67014351106579,610600
2023-07-11,125.55128479003906,126.02502748868343,124.79330803819192,125.39021400739755,621600
2023-07-12,126.43244171142578,127.43677382390462,125.75025113361404,126.82091415718939,415100
2023-07-13,127.01990509033203,127.50313195296505,125.79765514436929,126.11979674780362,497600
2023-07-14,127.16202545166016,127.59786065166054,126.21454002516161,126.96304715080414,564500
2023-07-17,126.95358276367188,127.56944253343225,125.7313184166349,126.42297875855485,508700
2023-07-18,128.29901123046875,128.3653276956172,126.58406483938376,126.58406483938376,498000
2023-07-19,128.73484802246094,128.88644916962315,127.34204320505567,128.1284578912933,590600
2023-07-20,128.83908081054688,129.7486732982127,128.0053033591255,129.35073110282207,386500
2023-07-21,130.13711547851562,130.31712554640785,128.4221548919408,128.8769582583976,677200
2023-07-24,131.38778686523438,132.08893120286166,129.36963851836614,130.43083190200184,1005100
2023-07-25,144.63365173339844,146.24438860418417,136.92112055812137,137.4517245675163,2218300
2023-07-26,142.64393615722656,143.82829295949932,140.24679914602496,143.7335386323253,1378900
2023-07-27,144.42520141601562,147.2392343827312,142.69131575054672,143.91356563001312,917000
2023-07-28,144.79473876953125,147.22976894829688,144.24519545328704,146.38650744487484,561100
2023-07-31,145.29689025878906,146.46229323974745,144.51994529983034,144.98421834536518,728300
2023-08-01,145.0600128173828,146.035921570944,144.00830350095057,144.67154035422337,653500
2023-08-02,146.51914978027344,147.99722477281483,144.2641297771763,145.23056898671516,674400
2023-08-03,147.06869506835938,150.32804738192004,145.8085376647164,148.38569928671873,1090200
2023-08-04,145.8085174560547,148.84046763304897,145.52426896438797,147.58031040406033,874900
2023-08-07,145.0126495361328,147.04973744988004,144.18832737194688,146.14015952333895,667300
2023-08-08,144.4441375732422,144.92736435070577,141.99962365468434,143.50613633694974,582300
2023-08-09,144.1977996826172,145.19266220508678,143.79037345871015,144.69049611938408,393700
2023-08-10,144.8136749267578,145.43901880313345,143.95145968425328,145.18319367961962,679800
2023-08-11,144.0367431640625,145.1358153060609,143.61984724995105,144.06516657116276,288000
2023-08-14,142.918701171875,143.9135637814416,142.56813618332964,143.9135637814416,348800
2023-08-15,139.9530792236328,141.94278995210257,139.8583248976427,141.51642440010764,457600
2023-08-16,139.57408142089844,141.05215643188308,139.4130106268789,139.80148313700408,408700
2023-08-17,138.99612426757812,141.21323693651618,138.45606503372585,140.36997539367317,497300
2023-08-18,139.2614288330078,139.65937104837565,138.0676021869043,138.0676021869043,405800
2023-08-21,137.61279296875,139.51723353247993,137.30012103306646,139.31825522523377,338800
2023-08-22,137.45172119140625,138.6360780040813,137.1106258510566,137.88755640228152,328300
2023-08-23,137.76437377929688,137.89702115931075,137.05375971690543,137.78332753572175,361500
2023-08-24,136.98744201660156,139.2519315633077,136.769524420867,137.44223096432412,268200
2023-08-25,138.3707733154297,139.03402471826547,137.10114624039628,137.68859706983707,349900
2023-08-28,140.0572967529297,140.94792087183538,139.09085761073712,139.09085761073712,260800
2023-08-29,141.232177734375,141.270085248261,139.83937297741477,140.0951980949635,284900
2023-08-30,141.5543212890625,142.24599608106305,141.0047924473765,141.5353819893359,271200
2023-08-31,141.27008056640625,141.9333174626258,141.00478580791844,141.58273802946115,488000
2023-09-01,141.70591735839844,142.6723565366415,141.18479748495952,141.96174247035574,396800
2023-09-05,137.87811279296875,140.7868861563773,137.63175727661655,140.63528498592723,418700
2023-09-06,137.1769561767578,138.45606744669658,136.4473882583307,138.1528651324217,628600
2023-09-07,137.14852905273438,139.02454633468727,136.580031957606,138.3423556035259,953300
2023-09-08,138.86346435546875,138.92031116891025,136.90217700433476,136.90217700433476,375500
2023-09-11,138.57923889160156,140.55949478672233,138.27605101696696,140.00046729406597,377000
2023-09-12,139.2424774169922,140.04783142893046,136.88323328382376,138.91085170429423,387300
2023-09-13,139.8109588623047,140.3794559485319,138.4844849377498,139.44144009350143,507500
2023-09-14,142.83343505859375,142.89976598129638,140.76792366698902,141.49747707183235,508100
2023-09-15,141.8859405517578,143.69564115980916,141.4216674948422,142.60602426071665,1049800
2023-09-18,143.78091430664062,143.98936225827998,141.85752003627047,142.57760375990077,622200
2023-09-19,142.97555541992188,144.8989498182731,142.4165424476384,144.01779524746843,394100
2023-09-20,142.2365264892578,144.2262519321419,142.2175871875984,143.18401204158695,412900
2023-09-21,141.94281005859375,144.93686791124017,141.81963230885427,143.24086065514413,442500
2023-09-22,142.4205322265625,143.85371887515257,142.1625545476603,142.40141898909198,366200
2023-09-25,144.1308135986328,144.49387764539165,142.23899667555048,142.3918734210957,407000
2023-09-26,142.47784423828125,144.42698606516856,142.37274331056548,143.28043976771391,464300
2023-09-27,145.1244659423828,145.89838432791123,143.78683102654688,144.52252294069308,600700
2023-09-28,146.93028259277344,147.32202374517297,145.06714301067817,145.4588841630777,409000
2023-09-29,146.7105255126953,148.1245987567747,146.5194368979484,147.646869930344,485600
2023-10-02,146.45254516601562,146.9971630160934,144.55117922336666,146.1850181944735,757700
2023-10-03,144.91427612304688,147.0927186406976,144.0257074078257,145.0576035339437,839900
2023-10-04,146.50033569335938,146.8538503886282,144.74229696671446,145.82195428930322,646700
2023-10-05,145.7550811767578,147.10228008936977,145.153138135138,145.8983940061301,479000
2023-10-06,144.79005432128906,146.29012991736775,144.70406662675816,145.7550759347832,515600
2023-10-09,146.8825225830078,147.65644106345317,144.48432876865965,144.79963159016125,390800
2023-10-10,147.74241638183594,148.84118681270883,147.1786853061445,147.28378622746396,488700
2023-10-11,147.43667602539062,148.70743652166973,146.3474548255982,148.13415606740946,317400
2023-10-12,144.84739685058594,147.36024075194916,144.40787988254598,147.36024075194916,511700
2023-10-13,144.62762451171875,146.28057679686685,144.38876009146205,145.7646214848011,383100
2023-10-16,145.64996337890625,146.52898264858285,145.46842409663444,145.90794102103598,514700
2023-10-17,146.06082153320312,146.76786551647643,144.27412020656212,144.50343531497924,485000
2023-10-18,146.2327880859375,148.57365628195012,145.4493058586889,146.33788900473607,904900
2023-10-19,142.88868713378906,146.13723714527524,142.44917022254927,145.36331882118816,447600
2023-10-20,138.04452514648438,142.82181367183875,137.70055978949375,142.82181367183875,664300
2023-10-23,138.10183715820312,139.15284636559957,137.41392108869277,138.378928030665,1077300
2023-10-24,142.29629516601562,144.19766106249912,138.57001631063468,140.23251780410334,1288600
2023-10-25,142.24856567382812,143.80595201501654,140.6911647535103,142.60208040381264,904200
2023-10-26,143.9301300048828,146.10857213210525,142.16252764118332,142.17209154767272,795400
2023-10-27,143.49061584472656,144.51296247808924,142.19120750038869,143.83458116502953,540400
2023-10-30,144.94293212890625,145.67863864998384,143.80593511791207,144.6276293341587,456700
2023-10-31,146.2327880859375,147.96216400324732,145.46841909277754,145.59263324566473,601100
2023-11-01,146.75831604003906,148.24882779543248,146.1945848881376,146.4525625624567,574800
2023-11-02,148.49722290039062,148.93673982440035,147.45577758411667,147.59909039676853,628100
2023-11-03,151.2202911376953,152.0897465465998,149.55778952554846,149.85397907377023,449800
2023-11-06,150.26483154296875,151.06741248517545,149.653339218555,150.95276223032508,774500
2023-11-07,149.6628875732422,150.42725661856915,149.1087203798583,149.32847155993448,656700
2023-11-08,149.1756134033203,150.28393324059905,148.4016950091647,149.9208692331833,455000
2023-11-09,148.75518798828125,150.12148528401005,148.4303359209349,150.12148528401005,508200
2023-11-10,148.6978759765625,149.67243226451382,147.09269957319168,148.23924581609856,496900
2023-11-13,146.63409423828125,148.70743569570672,145.9939393294185,148.25836941082687,566500
2023-11-14,150.84765625,151.4782472096782,147.40800292845296,147.7997440582371,678900
2023-11-15,151.34451293945312,152.15665791855082,150.95278631317632,151.0578872565992,468000
2023-11-16,148.56411743164062,152.04198274561801,147.5035588413799,150.7712223029361,506400
2023-11-17,148.3921356201172,149.72978517072235,148.22970955780406,149.34759333663757,418000
2023-11-20,146.261474609375,147.83797407050392,141.8854763502229,147.83797407050392,1010300
2023-11-21,146.6627655029297,147.01628020722478,144.98116510134972,146.3379133649759,518300
2023-11-22,147.34112548828125,147.72330270331636,146.17546602956008,146.9589336941199,340000
2023-11-24,148.22015380859375,149.4431384664329,147.75197429929315,148.430355663453,166600
2023-11-27,151.63113403320312,155.6918292571059,146.73919527584573,147.33157438436487,1560900
2023-11-28,151.09608459472656,152.96878815731486,149.88264919743276,152.3763944518657,743800
2023-11-29,154.6408233642578,156.09310846598657,151.0291946864529,151.18205682723257,883400
2023-11-30,160.5264434814453,161.52967698572644,155.9689207337188,156.76195237694566,1853100
2023-12-01,162.15072631835938,163.9660900454661,159.95317077877493,160.05827170481544,1028600
2023-12-04,160.85130310058594,161.80676076182107,160.02004502150507,160.51688708750288,758900
2023-12-05,157.92759704589844,160.49778059526477,156.98170325217617,159.98183985133693,864500
2023-12-06,156.89572143554688,159.21747673888916,156.4466551327466,158.15691806746503,714200
2023-12-07,157.0008087158203,157.41164850909232,155.51028252899457,156.97213157340136,804200
2023-12-08,156.58042907714844,157.79384998732112,156.13136274439415,156.53265327127752,507100
2023-12-11,157.84161376953125,158.06136496484294,156.1409001798086,156.4370897428652,617000
2023-12-12,154.53575134277344,157.55498694037698,154.05802243806747,157.4594499069133,472000
2023-12-13,158.38621520996094,158.86394402436585,153.52292479918282,154.37329608478493,923000
2023-12-14,159.89585876464844,161.06151837482844,158.84484941805067,159.6665436583558,652300
2023-12-15,158.6058807373047,160.53117675606273,157.51809847511956,159.1930966105796,1214900
2023-12-18,158.07644653320312,159.76108066098277,157.87428397477825,159.31825608430367,562000
2023-12-19,158.2882080078125,159.4915180414017,158.1053172213352,158.759910828963,399200
2023-12-20,156.46878051757812,158.8176437034813,156.35326747198977,157.8357534382983,471400
2023-12-21,157.14266967773438,157.75876382927305,156.04525151127982,157.4507094090821,380600
2023-12-22,157.56622314453125,158.14381784043212,156.78648058725537,157.4603459620875,366000
2023-12-26,157.8646697998047,158.37487212607687,157.4025881282474,157.518115890559,373100
2023-12-27,158.84654235839844,158.87542062350306,157.6047328923709,157.9994221005913,442800
2023-12-28,157.2292938232422,159.01018374447474,156.9693747599203,158.9524272168126,511700
2023-12-29,156.8249969482422,158.0283070076532,156.40142945711455,156.92125293968897,564100
2024-01-02,157.76840209960938,158.7888067714724,156.80575396557336,156.86351050340036,820900
2024-01-03,157.53732299804688,158.38445785068356,155.88156743453405,156.80571588185055,821800
2024-01-04,159.48190307617188,159.88621350058318,157.6432417477337,157.7106341628908,786600
2024-01-05,161.48419189453125,161.83074574039807,158.3555860903153,159.14496445156158,1011000
2024-01-08,162.3313751220703,162.69717145969545,160.83926743334607,161.5997530691276,764700
2024-01-09,160.89700317382812,161.9174078116893,159.48190928884125,161.58048978931032,518200
2024-01-10,159.75144958496094,161.42646257038118,159.07759885134737,160.42530031857447,534900
2024-01-11,160.2423858642578,161.07026369730593,158.30745406404554,160.27126412794675,624700
2024-01-12,159.95359802246094,161.0798944396364,158.8465439896576,161.07027324745033,382200
2024-01-16,158.92355346679688,159.27974321223383,157.5662162728158,159.06795947889594,598800
2024-01-17,158.1342010498047,159.05833496235775,156.85387736636596,157.67211940468445,448500
2024-01-18,158.1630859375,158.64440998801652,156.25704681033096,158.02831579090915,711400
2024-01-19,158.24009704589844,158.86581242613738,156.6613547727236,158.27859650623947,509000
2024-01-22,159.06796264648438,159.1353403690649,156.77685567957417,157.623990629795,539800
2024-01-23,160.27125549316406,160.858471304606,158.8561618932768,160.2808766842613,669100
2024-01-24,158.84654235839844,161.67672984939486,158.64439450266605,161.05101452033745,859600
2024-01-25,165.2674102783203,170.359826691807,164.60319546202703,166.0279104640557,1508500
2024-01-26,165.53695678710938,167.0194282462039,164.68020065340014,166.15305092046384,700900
2024-01-29,163.3613739013672,164.8246030749122,162.55275305105698,164.72833239275175,790500
2024-01-30,162.7549285888672,164.044873575174,161.62861733536525,162.8319275141242,619200
2024-01-31,159.68406677246094,163.49614490917065,158.64440509276452,163.0918344818738,1862900
2024-02-01,157.04640197753906,160.76222403071287,156.63247036750604,160.4060489533502,1055100
2024-02-02,155.342529296875,156.86351515643017,154.2451109790751,155.8238533781705,805500
2024-02-05,156.50730895996094,157.0752677377905,153.60974385389895,154.27395861556747,801100
2024-02-06,156.9405059814453,157.64323492521086,155.5157910205822,156.34366890774112,689500
2024-02-07,159.13534545898438,159.4337640017635,157.1907923014371,158.41335942754708,589400
2024-02-08,160.63705444335938,161.1761349308059,158.44221835084616,159.74179892431602,532100
2024-02-09,162.0425567626953,162.1003132985968,159.99211160512692,160.52157099896436,474500
2024-02-12,161.9270477294922,163.38064111169575,161.78264169729255,162.45649244769007,287000
2024-02-13,158.67327880859375,161.06064184413665,157.56622474501273,160.33865581134862,517400
2024-02-14,159.22198486328125,160.03062040540357,158.06681011733428,159.04871526136893,493900
2024-02-15,160.6659393310547,161.11838504928429,159.02944072987043,159.3086168652081,438000
2024-02-16,161.70559692382812,162.3794475443744,159.8188151862986,159.8188151862986,623600
2024-02-20,163.2747344970703,165.8353818063637,161.3398172264894,161.65747815320591,733600
2024-02-21,165.13262939453125,165.23852126076244,163.16883396214834,163.1880910347838,688400
2024-02-22,166.73065185546875,167.6451646339445,165.007518179531,165.2000448662346,801900
2024-02-23,168.8581085205078,169.2720401572117,166.94243349339595,166.94243349339595,644800
2024-02-26,167.57777404785156,168.75220584214523,166.62474719183976,168.75220584214523,445800
2024-02-27,168.25161743164062,168.5596718444214,167.05792861537955,168.17460382844544,346700
2024-02-28,169.7726287841797,169.83038532312187,166.9328196717103,167.52003563236426,411200
2024-02-29,174.4221954345703,177.07909865650916,171.35134592977136,171.35134592977136,1822200
2024-03-01,173.45953369140625,176.14531496593685,172.70866947750127,173.72907393799565,498900
2024-03-04,178.50381469726562,181.56504302876257,175.50035758540244,176.91545134514791,973900
2024-03-05,177.5893096923828,179.1006741946445,176.86732364861686,177.88772824025776,597800
2024-03-06,176.4918975830078,178.5712209861203,175.08643959506927,178.49420737613343,857000
2024-03-07,177.92623901367188,178.48457663958897,176.49188814594467,177.82034714170754,776500
2024-03-08,179.1295623779297,179.7841560432043,177.59895540573368,178.48458990578754,461200
2024-03-11,180.66976928710938,181.1029726374589,176.79029902870684,178.5904607741084,544100
2024-03-12,179.74563598632812,181.34363519388384,178.57120424957927,180.53499970923315,390000
2024-03-13,177.5315399169922,180.84305134094092,176.84806807229313,180.496497478229,621000
2024-03-14,177.37648010253906,178.0743178492807,176.2909612916452,177.5218715934096,505100
2024-03-15,177.27955627441406,179.01444889453566,176.62048075918744,176.65925773665685,2085000
2024-03-18,175.40896606445312,177.30863873146112,174.98250802967067,176.76587933776864,526300
2024-03-19,177.59939575195312,179.2179869810536,175.8644883821713,175.8644883821713,924500
2024-03-20,178.54922485351562,179.41182772013622,176.9015582844641,177.6575466489593,545300
2024-03-21,179.31491088867188,180.79781236921465,178.10338910462818,179.29553718826787,682300
2024-03-22,179.03384399414062,180.4004441132671,178.7527626589014,180.1290644172953,578400
2024-03-25,181.5441131591797,181.88334517290693,178.6849247187795,178.96599126428856,510800
2024-03-26,181.11764526367188,183.49223965228134,181.0594945877046,181.5538049115934,597900
2024-03-27,183.12393188476562,183.20147104889926,181.22425933619982,181.26303631280834,484100
2024-03-28,183.9380645751953,184.74251673759423,182.8622327422381,183.30807922334554,504300
2024-04-01,182.93975830078125,184.2191321860678,182.31945984433128,183.64728276147846,389900
2024-04-02,181.72825622558594,182.49393143795305,180.54580985528477,182.46485610008364,377800
2024-04-03,182.8719024658203,183.4146765451898,181.62161872848412,181.62161872848412,411700
2024-04-04,181.8833465576172,184.63592051086613,181.0595058260557,184.14162494537985,391500
2024-04-05,181.8930206298828,183.15300615884001,181.12734542077098,182.13532497048678,388400
2024-04-08,184.83944702148438,184.86852235880986,181.96087031359534,183.4437716735281,680400
2024-04-09,184.015625,185.38222514906371,182.1547292772489,185.14960763781312,453300
2024-04-10,182.0384063720703,183.21115106175623,180.41980041344132,182.63931638532813,429600
2024-04-11,180.5458221435547,182.30980496947086,180.51674680370635,182.0481121217514,432900
2024-04-12,176.59140014648438,178.33599435341048,172.9277597064812,173.94544089294502,516100
2024-04-15,174.8080596923828,182.20319356072517,174.62390601082015,180.25505702323017,605600
2024-04-16,174.05206298828125,175.5737266205177,173.03438175741474,174.71112372349603,663300
2024-04-17,173.01499938964844,176.54295026947565,172.81147200972472,175.33142847298163,641100
2024-04-18,172.76300048828125,173.88729621475198,171.86163541058087,173.88729621475198,532900
2024-04-19,174.35250854492188,175.3411143831202,172.22023333218834,172.43346233237,2529200
2024-04-22,173.77098083496094,174.93405354419437,170.7664157736648,174.11021284000134,689100
2024-04-23,165.619873046875,168.48874825170702,163.79773961334402,164.4761888314405,1436800
2024-04-24,168.5662841796875,169.52581470554478,165.7555597062472,166.69570174365026,871000
2024-04-25,165.97848510742188,167.78123012117388,164.5634211505498,167.38384742496712,541800
2024-04-26,167.52923583984375,168.17860973220152,166.3661631123714,166.95738632617235,497300
2024-04-29,171.5999298095703,175.1278802699154,170.92148064201984,170.92148064201984,874600
2024-04-30,167.6552276611328,171.09595251106074,167.41292330253344,169.60336416928575,539600
2024-05-01,168.837646484375,171.0280869926673,167.06397709499393,168.04289600855182,570600
2024-05-02,169.94256591796875,170.68886741541854,168.7891949098417,170.07825575486117,481400
2024-05-03,170.8439483642578,171.57086138500716,169.44827299816575,170.83424672563453,475200
2024-05-06,170.7276153564453,172.48191102935897,170.33993436598192,172.01667609390472,670000
2024-05-07,173.63528442382812,175.02127294130986,170.9796383179225,170.9796383179225,570700
2024-05-08,173.04405212402344,174.1295855684508,172.6369826282691,173.30574493882355,417300
2024-05-09,174.8274383544922,174.95342655920172,172.64669921684128,173.48022676768454,313000
2024-05-10,173.87759399414062,175.1472811989208,173.10223191276646,175.1472811989208,347600
2024-05-13,175.84512329101562,175.8645117818895,173.89700144712378,174.39129704626743,308600
2024-05-14,176.04864501953125,176.79494654607552,174.99220162046333,176.63018136550303,653900
2024-05-15,176.42662048339844,176.77553929613376,175.47679168892859,176.77553929613376,662100
2024-05-16,176.78524780273438,177.0954044694216,175.47681318649282,176.40725360838675,395700
2024-05-17,177.4927978515625,177.66724989527674,176.34911356056958,177.36679484949016,493800
2024-05-20,175.9711151123047,178.43293567881156,175.73851239294518,177.36679058479925,472200
2024-05-21,176.25218200683594,177.2795500373749,173.9745153058613,176.3103326819105,560900
2024-05-22,175.71910095214844,176.94030943653357,175.45740813796505,175.45740813796505,375500
2024-05-23,174.69174194335938,176.0971041547503,174.07144342575523,176.0971041547503,671900
2024-05-24,178.11306762695312,178.17121829878647,174.41065043668485,176.06801852934706,394300
2024-05-28,175.3507843017578,178.55889105507714,175.28294678411348,177.3958333048914,417200
2024-05-29,173.64498901367188,174.81773375931243,172.69514533497244,174.81773375931243,433000
2024-05-30,175.89358520507812,176.24250409157523,173.6546951788405,174.23623158603075,424700
2024-05-31,177.84170532226562,177.87078066101992,175.7288037085889,175.7288037085889,912400
2024-06-03,177.24078369140625,178.3941547798364,175.3895896711458,178.3941547798364,396500
2024-06-04,176.42662048339844,177.24075945008687,175.7966351663595,176.03893948661786,409100
2024-06-05,177.09539794921875,177.24077463819856,174.19743270652674,176.058328270885,412400
2024-06-06,177.45401000976562,178.15184772007888,175.40896070658613,176.83371146605205,448200
2024-06-07,177.92892456054688,179.07259394553958,175.85480000360963,176.54293604669283,488200
2024-06-10,178.73338317871094,178.83029604466165,176.5526440421891,177.54123513593868,502400
2024-06-11,178.4232177734375,178.84967577216426,176.86277725395993,178.58798294765774,369200
2024-06-12,179.1210479736328,180.28410578313336,178.64614095865775,179.7219579709069,316200
2024-06-13,179.42153930664062,179.8576990139765,177.3280407412215,178.7140146708528,353200
2024-06-14,178.2602996826172,180.06554741444003,177.60651120456,178.74820286531272,269500
2024-06-17,180.5631866455078,180.71931922307846,177.60649482226592,178.90431895528047,398500
2024-06-18,181.3828887939453,182.24158825553988,180.03627126855795,181.21700350148245,501300
2024-06-20,180.9633026123047,182.72950989897694,180.56321839553786,182.17330796681003,584500
2024-06-21,178.89459228515625,181.56830722904408,178.4066890764659,181.0218431280265,872200
2024-06-24,185.1690216064453,186.7595908418025,180.5046680921933,180.5046680921933,661600
2024-06-25,182.87588500976562,186.14482758771106,181.24629007276755,185.36419436228337,470600
2024-06-26,182.09523010253906,182.7782915941222,180.94377082562139,181.89030421025222,498400
2024-06-27,178.7579803466797,181.2365221004441,176.56241590309781,180.88523119388603,756200
2024-06-28,178.14321899414062,180.2216914490697,177.11861926750132,178.58232890852193,1044900
2024-07-01,175.7036895751953,179.13853210756054,175.43046498746864,178.89458051926007,512900
2024-07-02,173.2153778076172,175.2353040755732,171.8492548894028,174.35706943704415,905300
2024-07-03,175.23532104492188,176.60144409542818,173.81063710114427,173.81063710114427,360900
2024-07-05,173.27395629882812,175.51829919396044,172.25910926537517,174.84499036957092,603200
2024-07-08,175.2060546875,175.3426669977314,173.1178294370338,173.576459669159,416200
2024-07-09,172.05418395996094,175.51828461453917,171.8102323707865,174.5034525550078,510100
2024-07-10,175.32313537597656,175.4109543791053,173.28370355865812,173.62522686736685,432200
2024-07-11,178.34814453125,179.76306087009004,176.2403990789731,176.9527336003875,419000
2024-07-12,180.9535369873047,182.11474895862153,177.36256177626706,179.3532151241313,470200
2024-07-15,181.26577758789062,183.90046657732373,180.90473401228778,180.90473401228778,356100
2024-07-16,186.3594970703125,186.50587696013395,181.822003388696,181.822003388696,411900
2024-07-17,186.9254608154297,188.97466009303358,186.418037347615,186.418037347615,748200
2024-07-18,187.90127563476562,189.71627611148796,185.65691796511183,185.65691796511183,774700
2024-07-19,186.5839385986328,188.75998258844868,186.33998701131102,188.75998258844868,802300
2024-07-22,188.75999450683594,189.70652791657886,186.88644798466282,186.88644798466282,600400
2024-07-23,188.15499877929688,189.41378249446134,187.14990448037983,189.23812959837787,872600
2024-07-24,188.6038818359375,194.18549628722272,188.00863926680873,190.30179053057347,941500
2024-07-25,189.54063415527344,192.95595644101545,188.9356240825694,189.9114304499243,661500
2024-07-26,194.18548583984375,194.59532276692158,190.31153299649196,190.73113751754482,745400
2024-07-29,193.59999084472656,194.77097047901034,192.3802328003681,194.77097047901034,390900
2024-07-30,192.95594787597656,195.0441728138377,192.49731771250782,193.28771845264075,499500
2024-07-31,195.034423828125,196.85919195311226,192.31193047575258,193.66830079998547,595700
2024-08-01,193.2096710205078,197.1031439937616,191.40442318896143,195.34668946110486,651100
2024-08-02,191.93136596679688,193.19991728301952,188.91612772081425,191.4824884648876,509400
2024-08-05,187.04254150390625,189.64795738691768,184.81770436596446,189.64795738691768,572100
2024-08-06,191.91184997558594,193.67805724235282,185.41297553851174,186.70104718101277,785100
2024-08-07,188.74046325683594,194.0293319102438,188.41844537317087,193.5999747320237,561400
2024-08-08,192.00942993164062,192.29240723684646,189.0332174269802,189.6772532259475,398100
2024-08-09,189.374755859375,192.79983097512604,188.9258783623657,191.49225396804863,451500
2024-08-12,188.65264892578125,190.6335346827944,188.2428120336017,189.72602700826386,409600
2024-08-13,189.67726135253906,190.48718248782743,187.38411025325124,189.7846006569658,413600
2024-08-14,189.63821411132812,190.67256652339975,188.70144829608842,190.47740821936014,613000
2024-08-15,191.0336151123047,194.5074833687647,190.77014322622253,191.11168140779657,643000
2024-08-16,191.8435516357422,192.27289396110837,189.78459945630894,190.31152838130922,1392800
2024-08-19,192.2436065673828,193.46336452337266,191.65813168228178,192.09724156851343,414600
2024-08-20,191.98016357421875,192.95597001019493,191.84355126876704,192.95597001019493,515000
2024-08-21,196.2248992919922,196.24441958847905,192.77055129499612,193.39506677596358,438100
2024-08-22,196.90797424316406,197.32757875340687,195.42475918041515,196.95676754290736,280700
2024-08-23,198.87908935546875,199.63046441234164,197.06408895304253,197.7373977153395,318800
2024-08-26,199.45481872558594,201.7382169778769,198.90836953345604,199.93296921351146,357600
2024-08-27,199.95248413085938,200.1573951275834,198.6058665938938,198.8107924802412,453700
2024-08-28,200.1183624267578,201.83577619427984,199.25964809818538,199.33771439074857,396800
2024-08-29,201.650390625,201.89434222986432,199.77684408639692,200.92830340396117,354500
2024-08-30,204.47047424316406,205.02669105923474,201.31862362097064,201.91386614308374,848800
2024-09-03,201.09417724609375,204.36311963117052,200.2061898814933,202.65545849445738,631600
2024-09-04,199.6109619140625,202.23588360593178,199.3279845994142,200.31354373826636,430900
2024-09-05,199.04498291015625,200.7526440896282,196.1858773395455,200.040309595286,595600
2024-09-06,196.927490234375,201.53329770447507,196.234676017895,198.67419205546392,463800
2024-09-09,199.58168029785156,199.81587919235255,197.09337101866532,197.22998331805158,623100
2024-09-10,200.07933044433594,200.4696619239465,198.32289089977064,199.6011948550453,422300
2024-09-11,199.77684020996094,199.93297280755436,194.94660150529734,199.21087071090275,589400
2024-09-12,203.3775634765625,203.55321636717275,199.0254753697158,199.8744221537316,561200
2024-09-13,205.1828155517578,206.77336985613647,203.54345305991248,204.15821585555747,408800
2024-09-16,210.6505584716797,213.69365473951757,206.30189149230478,206.77307547010267,752100
2024-09-17,209.28607177734375,212.13284256961938,208.93268005756707,210.68000162238843,397600
2024-09-18,208.50076293945312,210.9646940418869,207.78416844553516,209.51185304058924,535000
2024-09-19,211.700927734375,211.96596030277826,208.83453475073708,210.50332323713786,431400
2024-09-20,208.99159240722656,211.2886462534528,208.21610175624895,210.69965501520622,1002000
2024-09-23,210.5622100830078,211.94632890500728,207.48966581403062,209.76708245550506,446700
2024-09-24,211.1708221435547,211.98558680059642,210.1793691163601,210.5720199247008,409800
2024-09-25,210.3953399658203,212.15247262459437,209.49223108759728,212.15247262459437,504100
2024-09-26,210.8763427734375,212.4567720224874,209.7965305761139,212.1721024315575,767200
2024-09-27,211.74017333984375,212.75126338691723,210.20881423859336,210.5622059526256,355700
2024-09-30,211.4456787109375,212.1524621422195,209.1780881100195,212.00522183514744,444000
2024-10-01,211.33770751953125,212.5353120027631,209.7081931221739,211.24936333109665,339400
2024-10-02,208.90322875976562,211.08247516818594,208.6578182631297,210.395328773339,385700
2024-10-03,208.08847045898438,209.4333302070538,206.68472956518167,208.2847958665463,311100
2024-10-04,209.45294189453125,209.67873033178563,207.51910601950362,209.66890432575946,245200
2024-10-07,209.43331909179688,210.1793615924048,207.6074644389046,208.99156822489203,377200
2024-10-08,211.37696838378906,211.99540762153345,206.96939052143333,208.1669949298477,437100
2024-10-09,212.28988647460938,213.93905276872533,210.945041772464,211.3376925679514,491400
2024-10-10,212.28988647460938,212.66291521538977,210.39532466731458,211.97576883395303,297700
2024-10-11,213.94886779785156,214.65565122588293,213.05556999594137,213.1439291584463,368100
2024-10-14,215.9416046142578,216.04958583422876,212.83962725436822,213.5562217258109,483300
2024-10-15,216.74655151367188,218.67056140050536,216.1281122749986,217.28645759674635,563400
2024-10-16,217.65945434570312,218.8865067210004,215.97102907900074,216.6287273547201,616600
2024-10-17,216.3538818359375,218.40552491463993,215.73545758707908,217.84598180808445,628900
2024-10-18,216.0790252685547,218.09139429929888,215.60784131779866,217.69874350344682,713100
2024-10-21,215.07777404785156,215.91216078337027,214.0568579519987,215.59804312372458,429500
2024-10-22,212.6825408935547,214.5869286051946,212.56473367826408,214.5869286051946,702200
2024-10-23,224.4524383544922,227.0537986538156,220.10377146398793,221.4289941616308,1098600
2024-10-24,223.33335876464844,225.04142118142104,222.9603450022736,223.8634538154634,746600
2024-10-25,221.71365356445312,225.15921144986336,221.58603531654873,225.15921144986336,452000
2024-10-28,223.2744598388672,224.3051868881348,221.74310078448906,222.95051619603066,687300
2024-10-29,221.90997314453125,223.75546477313475,221.47804829709918,222.69528968725618,657500
2024-10-30,224.5996856689453,225.758016003461,222.15539177200824,222.15539177200824,512300
2024-10-31,224.7371368408203,228.70296419427288,223.98126825646332,225.1494247108325,654300
2024-11-01,225.76785278320312,227.6035185610147,225.07088036082448,226.72004673756928,826400
2024-11-04,225.94454956054688,227.4562867103485,224.46227545271321,225.9347385323369,652900
2024-11-05,228.33975219726562,228.4869925096532,226.07216151448517,226.07216151448517,465500
2024-11-06,237.15489196777344,240.50229485016018,234.65170182155848,240.50229485016018,764000
2024-11-07,235.0836181640625,238.04818115014493,233.99399496253778,237.91075187151426,571600
2024-11-08,236.17324829101562,237.8027776273258,235.1032620918247,235.59408309827944,644400
2024-11-11,237.05673217773438,238.84331283037503,236.47755201344467,237.4984680823835,699100
2024-11-12,235.40756225585938,236.96836941865135,234.91674126288066,236.3892042418168,630900
2024-11-13,233.9645538330078,235.5842721420013,232.77677538508098,234.44556381180013,525000
2024-11-14,231.2748565673828,233.23814052812912,230.22449245862293,233.11052227750687,527300
2024-11-15,231.48098754882812,232.00125658789136,230.22448704180738,230.9999925761098,583600
2024-11-18,233.73876953125,233.92528390170227,231.61841928611003,232.36447676791911,711700
2024-11-19,233.93508911132812,234.82838687461165,231.30429589304342,232.79638086221954,333200
2024-11-20,239.6188201904297,244.0558312828033,232.1681459644864,233.64060897677007,1030800
2024-11-21,240.7967987060547,241.10110534603592,237.9107686723362,238.097283059078,677900
2024-11-22,241.86676025390625,242.01400055542175,239.3832073105615,240.89492932790145,583800
2024-11-25,242.74044799804688,246.2154692870845,241.91587226049086,242.9564104500738,880600
2024-11-26,243.47665405273438,243.79078666958156,239.53044918093002,242.87785185820354,546800
2024-11-27,242.49502563476562,245.27307433313914,241.39559137173976,244.5368428222911,350200
2024-11-29,244.2816162109375,245.29270626651606,241.06183166874527,242.76987915204555,332400
2024-12-02,240.30596923828125,244.04602293394962,239.25560508822818,244.04602293394962,653700
2024-12-03,239.56973266601562,240.97347353373698,238.0285475390193,240.97347353373698,496000
2024-12-04,239.5108184814453,240.45318634063779,237.7536710490476,238.80403509771742,462900
2024-12-05,239.85440063476562,240.48265091024842,236.9781967891131,238.53900396089045,723400
2024-12-06,238.4015655517578,241.3563024410292,237.43956063084786,240.875307469908,894500
2024-12-09,235.2308807373047,240.7378930380187,233.49337017754237,239.46175542338352,661900
2024-12-10,233.8565673828125,235.6137149352143,231.78530218211628,234.4161105075889,492100
2024-12-11,234.259033203125,235.36829339437335,232.86510343838262,235.19159005533052,729200
2024-12-12,234.70077514648438,236.02599779820846,233.68968511510025,233.79766633100863,433600
2024-12-13,233.7289581298828,236.3106663153423,232.3252023293925,234.14124595822236,851500
2024-12-16,232.73748779296875,234.93637116710516,232.18777069410152,234.53389437019612,768000
2024-12-17,228.28085327148438,232.5706240779881,227.672225037523,231.89328869197837,568600
2024-12-18,225.01197814941406,233.82711902571708,224.90399693136575,232.60006653819897,1002600
2024-12-19,223.28428649902344,228.673491265517,222.8130875742437,225.00215992661384,905900
2024-12-20,225.03138732910156,225.8802650116969,222.85984432243185,223.22505406050556,1955900
2024-12-23,224.14303588867188,225.07088069781676,222.3860589331821,223.84691296170936,630700
2024-12-24,225.86053466796875,226.14677728906645,223.79755450199283,225.00177668180052,513100
2024-12-26,226.4823760986328,226.87721168439214,225.04126762956457,225.44595339549124,661400
2024-12-27,224.1529083251953,226.62057436002667,223.41260851474593,225.03139683113776,894100
2024-12-30,222.0504608154297,223.99496773927297,219.95786983539008,223.3139045845596,761300
2024-12-31,222.21826171875,223.64950497530123,221.0041592119825,223.08686990219854,939900
